world_rank,national_rank,quality_of_education,alumni_employment,quality_of_faculty,publications,influence,citations,patents,score
1,1,7,9,1,1,1,1,5,100
2,2,9,17,3,12,4,4,1,91.67
3,3,17,11,5,4,2,2,15,89.5
4,1,10,24,4,16,16,11,50,86.17
5,4,2,29,7,37,22,22,18,85.21
6,5,8,14,2,53,33,26,101,82.5
7,2,13,28,9,15,13,19,26,82.34
8,6,14,31,12,14,6,15,66,79.14
9,7,23,21,10,13,12,14,5,78.86
10,8,16,52,6,6,5,3,16,78.55
11,9,15,26,8,34,20,28,101,73.82
12,10,21,42,14,22,21,16,10,73.69
13,11,31,16,24,9,10,8,9,73.64
14,1,32,19,31,8,19,23,3,69.49
15,12,34,77,20,11,9,9,7,66.94
16,1,26,66,11,40,51,44,34,66.69
17,2,42,38,19,25,36,43,23,65.76
18,1,4,101,22,101,67,101,29,65.09
19,13,62,59,23,3,11,6,13,64.05
20,14,61,101,15,10,8,10,22,63.11
21,15,1,101,16,101,28,96,101,61.74
22,2,24,93,13,101,91,101,28,60.76
23,16,89,75,17,42,24,34,62,60.55
24,17,101,101,21,19,3,13,33,59.7
25,18,64,63,33,17,30,21,21,59.66
26,19,82,101,18,35,71,39,44,59
27,20,65,43,55,20,15,12,20,58.37
28,3,84,73,35,26,26,29,41,57.53
29,21,19,101,32,101,43,84,101,56.43
30,22,101,78,27,41,47,40,57,56.18
31,4,35,101,45,27,23,33,86,55.21
32,3,77,101,44,39,44,51,11,54.43
33,23,101,32,101,24,25,20,35,54.4
34,24,68,60,101,2,17,7,8,53.72
35,1,101,101,34,7,14,18,101,53.43
36,25,101,86,56,31,29,31,29,53.09
37,26,74,62,101,32,18,30,14,52.9
38,27,92,101,41,74,52,67,12,52.64
39,28,101,101,40,5,7,5,101,52.25
40,29,101,101,28,68,72,36,101,52.15
41,2,70,91,54,33,39,47,101,51.72
42,30,95,70,49,61,101,58,19,51.66
43,31,30,81,26,101,101,61,101,51.6
44,32,101,101,63,46,48,32,23,51.38
45,33,79,101,92,23,40,25,32,51.06
46,34,83,88,48,71,54,56,101,50.68
47,35,101,101,38,59,57,52,65,50.64
48,1,48,101,25,73,96,101,101,50.44
49,36,101,101,85,18,31,17,84,50.3
50,37,101,101,88,45,42,45,27,50.29
51,3,45,89,36,101,101,101,51,50.01
52,38,101,101,83,30,50,35,54,49.54
53,39,41,54,101,82,68,54,62,49.51
54,2,3,61,77,101,101,101,101,49.1
55,40,101,101,96,29,74,42,2,48.8
56,4,97,101,51,72,101,101,35,48.76
57,41,28,53,94,101,101,53,101,48.76
58,42,27,13,101,101,101,101,92,48.5
59,43,80,72,101,50,35,49,101,48.44
60,1,71,101,43,64,41,70,101,48.43
61,3,47,3,101,101,101,101,101,48.33
62,44,101,101,86,48,34,37,101,48.31
63,4,54,101,84,36,53,78,101,48.26
64,45,101,94,101,38,60,27,99,48.15
65,2,46,101,29,101,93,101,101,47.94
66,46,49,37,65,101,73,92,101,47.91
67,3,101,101,93,28,38,48,101,47.74
68,47,85,101,50,47,55,41,101,47.69
69,3,101,30,82,101,101,101,74,47.68
70,1,51,101,42,84,49,95,101,47.61
71,48,81,101,101,21,32,24,61,47.59
72,49,101,101,59,80,83,72,85,47.5
73,50,101,101,46,58,101,80,101,47.31
74,4,56,101,69,101,101,101,46,46.89
75,1,101,34,101,44,101,69,4,46.74
76,5,101,101,75,52,70,63,101,46.38
77,1,101,101,30,70,101,101,101,46.34
78,51,33,101,101,96,63,65,101,46.11
79,5,53,101,101,49,100,67,29,45.82
80,52,101,101,70,101,101,77,49,45.7
81,53,101,97,101,54,37,50,46,45.47
82,1,87,101,52,86,58,100,101,45.33
83,2,90,101,90,60,45,62,101,45.21
84,54,101,50,101,76,62,57,86,45.2
85,1,88,101,76,81,65,101,101,45.13
86,55,60,41,101,101,95,75,101,44.91
87,56,101,67,101,79,101,46,40,44.71
88,4,101,101,80,101,69,99,101,44.51
89,1,96,101,79,62,64,54,101,44.44
90,3,52,101,101,91,76,94,101,44.32
91,1,101,101,39,101,101,101,101,44.26
92,1,101,101,101,67,90,89,46,44.18
93,1,101,101,60,85,66,101,101,44.15
94,2,101,101,101,56,92,85,69,44.13
95,57,18,15,101,101,101,101,101,43.89
96,58,101,101,101,95,46,66,100,43.88
97,6,101,101,87,101,101,101,92,43.79
98,7,101,101,78,75,81,86,101,43.77
99,2,100,101,101,65,101,60,101,43.47
100,5,44,4,101,101,101,101,101,43.36
1,1,1,1,1,1,1,1,7,100
2,2,11,2,4,6,2,2,11,93.94
3,1,7,12,10,11,7,13,15,92.54
4,3,2,16,2,16,3,3,1,91.45
5,2,3,15,5,9,11,10,39,90.24
6,4,13,8,9,13,9,11,10,88.21
7,5,6,28,6,8,6,4,19,85.07
8,6,4,14,3,58,35,27,101,82.17
9,7,9,19,8,37,21,30,101,79.16
10,8,10,25,13,20,12,22,42,78.83
11,9,5,101,7,38,24,25,17,77.59
12,10,22,5,25,10,10,9,14,77.24
13,11,12,23,18,21,19,15,7,76.99
14,1,17,3,32,14,23,29,5,76.23
15,2,32,17,14,28,46,58,13,69.46
16,12,38,35,12,5,15,6,12,67.84
17,13,23,96,21,4,5,7,2,65.64
18,1,16,60,11,40,53,55,60,64.99
19,14,37,31,16,41,25,33,51,63.99
20,15,33,101,19,15,14,14,22,63.12
21,1,15,101,15,101,96,101,24,59.98
22,16,101,101,22,23,4,18,63,59.38
23,17,31,55,33,19,29,20,30,58.94
24,18,65,101,20,33,66,34,67,58.33
25,19,89,42,46,22,17,17,24,57.72
26,20,101,56,24,46,84,37,20,57.71
27,3,101,92,35,17,22,19,48,56.75
28,21,101,21,101,27,26,24,30,56.12
29,1,91,81,34,2,13,12,101,56.11
30,4,24,101,49,12,16,21,73,56
31,22,101,101,41,7,8,5,51,55.79
32,23,35,27,101,3,18,8,6,55.77
33,2,18,101,23,101,85,101,48,54.34
34,24,101,101,60,30,27,26,42,52.87
35,3,77,91,44,55,56,72,17,52.79
36,1,26,101,26,73,101,101,101,51.72
37,25,101,101,28,89,91,38,101,51.67
38,26,95,39,52,71,101,65,36,51.59
39,27,101,99,56,56,52,36,40,51.56
40,1,101,13,101,48,101,76,4,51.31
41,28,82,84,38,75,68,54,101,51.16
42,29,101,101,42,93,61,85,27,51.14
43,30,101,101,48,43,58,45,96,51.09
44,31,101,101,87,18,31,16,67,50.98
45,5,47,101,45,52,36,63,101,50.98
46,32,46,101,29,101,28,82,101,50.79
47,2,54,62,59,34,42,48,101,50.77
48,2,19,101,84,31,50,78,81,50.58
49,33,55,101,17,101,34,101,101,50.43
50,34,101,72,101,29,54,23,67,49.84
51,35,30,101,27,101,101,74,101,49.56
52,36,101,101,86,32,55,35,60,49.41
53,37,60,101,94,26,47,31,90,49.16
54,38,101,69,88,54,37,41,100,48.96
55,39,101,101,98,35,92,42,9,48.93
56,2,52,101,30,101,78,101,101,48.83
57,3,84,101,54,83,101,101,32,48.72
58,3,101,101,95,25,39,39,100,48.51
59,40,79,101,53,49,77,40,101,48.39
60,1,101,101,47,64,38,62,101,47.98
61,41,101,101,101,53,40,60,40,47.8
62,1,101,101,31,76,101,101,101,47.75
63,42,101,101,101,36,20,32,101,47.72
64,3,8,101,57,101,101,101,101,47.7
65,43,101,101,39,69,67,61,101,47.52
66,4,50,101,36,101,101,101,73,47.45
67,1,62,101,92,67,49,67,101,47.25
68,1,101,101,63,42,43,51,101,47.12
69,44,80,101,101,24,33,28,44,47.08
70,4,101,6,101,101,101,101,73,47.05
71,45,101,24,101,88,73,68,63,46.92
72,6,101,101,76,47,63,57,101,46.85
73,46,101,101,73,101,101,89,20,46.72
74,3,101,101,82,59,48,52,101,46.54
75,7,41,101,101,45,45,44,101,46.53
76,47,63,80,101,101,86,66,51,46.44
77,48,59,52,67,101,89,96,101,46.43
78,49,101,101,90,60,57,49,101,46.39
79,2,73,101,55,82,59,100,101,46.24
80,50,101,101,50,72,101,88,101,46.17
81,1,101,101,40,101,101,101,101,46.1
82,51,45,20,101,101,101,101,78,46.04
83,4,101,101,85,101,101,83,54,45.73
84,1,101,101,101,39,44,47,101,45.73
85,52,101,48,101,50,72,59,101,45.71
86,4,101,4,101,101,101,101,101,45.38
87,1,101,101,101,44,101,50,27,45.2
88,53,101,101,101,90,32,56,101,45.12
89,54,101,101,68,101,101,98,90,45.01
90,1,14,101,51,101,101,101,101,44.93
91,5,72,101,71,101,101,101,58,44.78
92,1,101,101,101,61,101,101,48,44.77
93,55,101,101,101,66,41,53,81,44.53
94,56,51,101,97,101,101,64,81,44.53
95,6,43,101,101,65,101,91,26,44.52
96,2,101,101,43,101,101,101,101,44.5
97,4,101,101,101,68,101,92,81,44.5
98,1,69,101,81,74,79,71,101,44.39
99,5,28,101,72,101,87,101,101,44.36
100,57,101,85,101,97,101,43,32,44.26
1,1,1,1,1,1,1,1,2,100
2,2,11,2,4,5,3,3,6,99.09
3,3,3,11,2,15,2,2,1,98.69
4,1,2,10,5,10,9,12,48,97.64
5,2,7,12,10,11,12,11,16,97.51
6,4,13,8,9,14,13,9,4,97.41
7,5,4,22,6,7,4,3,28,92.84
8,6,10,14,8,17,19,10,149,92.03
9,7,5,16,3,70,25,19,204,88.56
10,8,9,25,11,18,7,32,45,88.11
11,9,12,18,19,23,15,23,12,85.8
12,10,6,303,7,48,6,16,9,85.5
13,1,17,3,33,12,16,28,14,80.64
14,11,21,4,26,8,17,13,28,79.3
15,12,27,27,12,6,14,7,10,78.35
16,2,30,23,15,27,41,61,18,73.21
17,13,33,21,17,49,29,32,48,72.29
18,1,16,105,13,42,28,45,84,72.18
19,14,24,75,18,4,10,6,3,71.17
20,15,32,478,20,16,5,19,13,68.36
21,16,29,19,131,3,20,5,19,68.27
22,1,15,255,16,114,94,493,40,66.76
23,17,151,13,105,28,32,25,61,66.18
24,1,355,9,210,38,165,87,5,66.06
25,18,31,28,34,21,24,23,28,65.77
26,19,65,30,49,22,23,13,42,63.56
27,20,355,478,23,24,8,17,57,63.36
28,21,34,80,21,36,45,38,64,62.89
29,22,92,39,24,51,54,26,45,62.57
30,3,20,406,52,13,22,18,121,61.05
31,1,71,45,35,2,18,13,149,60.87
32,23,89,107,46,9,11,8,54,60.28
33,24,91,33,31,52,47,38,54,60
34,3,271,5,210,299,243,310,159,59.84
35,1,8,478,59,362,156,493,737,59.72
36,2,150,6,208,323,282,250,181,59.54
37,25,72,478,14,347,26,107,227,59.49
38,2,18,478,22,233,63,250,51,59.17
39,4,121,98,38,20,27,31,34,58.85
40,4,355,7,210,391,384,283,204,58.69
41,26,194,17,117,93,71,55,94,58.6
42,2,45,32,60,35,59,34,204,58.39
43,5,69,36,48,43,55,114,34,58.35
44,27,46,15,210,246,164,125,74,58
45,28,179,86,61,32,37,22,38,57.51
46,29,226,42,65,33,36,26,100,57.19
47,30,93,65,81,30,52,30,38,57.01
48,1,14,210,50,264,247,310,737,56.42
49,31,61,159,83,19,38,29,68,56.13
50,3,26,410,25,69,89,114,338,56.06
51,32,148,74,43,59,64,61,33,55.7
52,33,81,52,54,72,87,73,20,55.67
53,34,76,195,210,25,58,21,64,55.67
54,35,25,219,27,207,234,52,170,55.3
55,1,355,35,210,65,155,250,7,55.3
56,5,42,131,36,54,42,55,307,55.2
57,36,47,192,90,29,31,38,68,55.18
58,37,96,145,112,39,21,34,181,54.93
59,38,212,299,95,34,70,52,8,54.76
60,39,124,252,28,105,53,48,68,54.76
61,3,85,298,92,26,34,36,78,54.75
62,40,88,91,45,99,62,114,22,54.67
63,41,75,56,41,97,35,75,128,54.5
64,42,197,20,150,241,230,159,307,54.25
65,1,113,24,210,46,216,283,637,54.19
66,43,50,478,29,127,30,81,181,54.07
67,44,291,47,84,60,46,43,227,53.96
68,4,36,431,86,31,39,99,100,53.91
69,6,98,73,74,41,68,43,94,53.9
70,45,99,62,87,67,33,37,307,53.77
71,46,108,90,113,58,57,52,51,53.69
72,6,40,241,210,56,112,107,21,53.65
73,1,126,478,37,55,61,38,737,53.64
74,1,355,99,210,37,136,114,23,53.52
75,2,48,151,30,121,75,99,194,53.5
76,47,63,198,51,57,49,38,338,53.46
77,48,60,50,116,112,104,69,76,53.06
78,49,355,97,210,66,65,73,45,53.01
79,1,111,143,63,44,44,61,481,52.94
80,50,217,478,42,76,48,48,138,52.93
81,51,56,46,67,123,66,55,170,52.92
82,1,43,156,91,64,56,69,181,52.75
83,52,123,77,210,104,154,79,24,52.74
84,53,68,43,178,164,148,79,84,52.71
85,3,110,404,82,47,43,55,94,52.69
86,3,74,122,56,95,116,176,28,52.63
87,2,294,63,210,79,192,134,16,52.6
88,1,102,181,101,40,51,55,338,52.42
89,2,57,426,58,68,67,61,159,52.4
90,7,28,173,114,84,132,87,181,52.31
91,1,66,178,32,78,162,250,373,52.12
92,7,355,41,210,135,170,283,27,51.96
93,4,355,130,80,126,121,48,41,51.8
94,1,355,225,210,53,111,75,64,51.72
95,1,127,158,162,50,117,61,100,51.58
96,8,208,48,119,150,157,87,44,51.53
97,2,136,101,210,45,74,87,194,51.43
98,3,23,275,70,156,125,187,227,51.37
99,4,38,138,173,106,92,187,100,51.34
100,2,185,26,106,223,312,310,637,51.34
101,2,355,66,184,88,142,75,227,51.29
102,54,44,208,189,134,97,60,100,51.27
103,4,163,144,148,61,105,81,84,51.23
104,55,355,478,136,92,76,61,78,51.19
105,56,328,94,53,73,90,87,280,51.18
106,57,355,478,72,141,79,69,34,51.14
107,2,355,61,210,143,330,250,15,50.95
108,58,54,313,94,252,144,45,61,50.94
109,4,41,221,39,180,226,187,100,50.89
110,1,53,478,77,80,88,99,481,50.76
111,1,139,266,44,108,126,130,373,50.7
112,59,112,214,210,85,115,45,128,50.69
113,60,211,38,175,166,769,176,204,50.53
114,1,79,29,169,456,241,310,259,50.4
115,3,265,295,134,75,96,125,78,50.37
116,3,132,478,165,81,133,48,737,50.34
117,3,107,478,78,82,91,114,227,50.29
118,61,146,37,210,295,323,310,159,50.28
119,2,292,188,107,90,78,81,194,50.17
120,1,355,207,210,63,107,81,259,50.17
121,62,355,478,210,111,40,107,194,50.12
122,4,182,438,204,74,86,87,338,49.97
123,8,177,242,76,87,69,99,338,49.97
124,4,62,336,111,94,77,99,737,49.96
125,63,223,184,163,103,81,87,115,49.95
126,64,170,478,68,161,73,69,100,49.92
127,5,293,265,190,71,103,107,338,49.89
128,3,355,85,210,186,262,363,11,49.88
129,6,118,155,210,91,120,114,552,49.85
130,4,355,58,210,182,428,220,34,49.84
131,1,302,70,210,62,182,114,737,49.82
132,9,67,356,69,119,141,134,68,49.82
133,65,355,478,131,140,118,150,78,49.79
134,5,309,460,210,77,110,87,426,49.79
135,5,137,113,187,155,106,159,64,49.78
136,2,115,282,139,89,158,81,121,49.73
137,9,219,112,210,118,131,87,280,49.64
138,66,355,152,210,159,128,87,78,49.62
139,3,165,167,57,221,196,81,115,49.6
140,5,117,478,73,107,60,159,426,49.53
141,6,210,271,159,128,159,87,159,49.51
142,10,58,119,198,116,160,150,204,49.48
143,67,355,244,210,219,100,61,307,49.47
144,7,355,398,210,83,123,87,737,49.47
145,68,242,59,210,251,236,150,128,49.46
146,11,315,81,210,115,129,107,259,49.42
147,12,128,148,85,113,174,150,159,49.41
148,2,355,478,210,110,387,220,26,49.35
149,4,172,114,210,100,194,99,138,49.29
150,10,19,320,210,460,520,283,373,49.25
151,13,84,93,210,132,134,134,280,49.23
152,7,355,49,210,154,198,250,426,49.18
153,11,22,362,96,349,259,283,307,49.18
154,5,77,222,66,168,113,134,426,49.17
155,1,272,116,210,98,195,176,481,49.1
156,69,355,424,210,195,351,134,57,49.08
157,6,275,478,110,117,84,159,373,49.03
158,7,94,478,119,122,82,250,481,49.02
159,8,64,478,102,158,143,159,227,48.99
160,5,186,377,47,137,95,187,426,48.96
161,9,105,291,62,175,151,200,280,48.93
162,70,355,40,210,315,291,493,89,48.91
163,71,160,478,99,239,50,114,227,48.89
164,72,355,478,210,139,114,134,194,48.88
165,73,355,478,210,169,80,176,159,48.85
166,8,355,89,210,147,171,114,737,48.84
167,6,249,31,165,980,825,609,737,48.81
168,5,248,321,71,177,186,107,737,48.79
169,10,39,174,172,172,152,310,373,48.77
170,6,277,134,210,96,146,250,159,48.71
171,74,157,34,210,632,677,406,737,48.69
172,75,174,478,210,188,85,159,138,48.67
173,76,355,284,210,242,263,159,51,48.65
174,5,355,69,210,292,481,406,28,48.63
175,77,355,478,119,191,124,107,227,48.61
176,7,59,478,55,190,135,250,204,48.61
177,78,305,132,210,145,166,159,204,48.6
178,14,131,257,190,124,127,114,227,48.55
179,11,304,146,126,152,138,134,637,48.54
180,79,176,53,210,312,229,187,307,48.48
181,2,162,467,178,109,183,200,481,48.48
182,80,273,190,109,142,173,75,338,48.47
183,81,355,478,210,125,102,134,280,48.4
184,3,278,478,210,101,99,176,737,48.4
185,82,355,478,210,227,168,61,149,48.36
186,6,355,478,210,279,346,220,25,48.35
187,6,184,106,183,202,93,99,637,48.27
188,12,260,378,126,138,172,283,61,48.18
189,3,355,126,210,120,264,310,100,48.14
190,15,138,218,40,368,261,176,481,48.12
191,4,355,269,103,179,286,134,181,48.08
192,83,355,186,210,187,258,125,181,48.07
193,84,355,478,136,288,72,187,170,48.06
194,6,95,338,210,237,108,134,637,48.05
195,4,325,149,210,102,250,250,138,48.02
196,85,243,96,97,220,213,220,149,48.02
197,3,339,478,195,240,257,200,48,47.98
198,2,86,55,206,213,309,406,204,47.97
199,12,355,109,194,215,150,187,426,47.97
200,1,319,68,193,301,249,150,227,47.96
201,7,166,478,205,167,119,99,426,47.93
202,2,90,478,88,171,386,159,204,47.83
203,86,216,83,210,209,161,159,194,47.82
204,7,355,191,210,206,331,187,54,47.79
205,1,200,160,100,225,147,150,737,47.78
206,5,355,293,210,86,318,493,94,47.76
207,87,104,193,169,176,122,187,128,47.75
208,88,199,118,154,194,190,159,373,47.74
209,16,306,183,135,183,153,310,170,47.74
210,13,114,456,171,173,197,114,338,47.73
211,17,159,248,200,149,163,134,373,47.69
212,9,355,287,210,185,191,159,481,47.69
213,14,222,478,210,170,208,134,307,47.69
214,18,133,348,210,231,181,220,227,47.67
215,15,343,170,122,193,271,150,109,47.67
216,89,256,179,210,162,179,159,481,47.67
217,6,331,447,210,148,371,363,57,47.67
218,90,355,416,210,131,189,220,170,47.63
219,4,342,319,210,130,283,187,552,47.59
220,10,149,84,150,257,297,220,227,47.56
221,8,181,478,210,136,101,220,159,47.54
222,91,228,478,210,199,98,134,259,47.53
223,16,100,407,164,216,178,200,481,47.5
224,9,220,472,210,129,83,176,227,47.48
225,7,145,397,140,165,214,283,373,47.47
226,11,285,296,210,212,270,220,109,47.47
227,92,300,117,210,192,177,134,481,47.45
228,93,245,194,210,151,202,159,181,47.43
229,19,355,250,210,200,149,200,481,47.42
230,10,355,478,210,133,130,220,204,47.42
231,5,311,471,159,214,272,220,552,47.4
232,17,180,396,192,236,185,220,280,47.39
233,94,282,402,210,160,187,200,204,47.35
234,95,298,92,210,363,298,283,194,47.34
235,96,355,124,210,238,223,176,307,47.33
236,97,49,311,79,527,169,493,128,47.31
237,18,355,478,210,218,227,176,109,47.26
238,19,346,286,122,197,364,187,138,47.26
239,98,355,478,210,314,224,130,373,47.26
240,99,355,428,145,263,233,200,149,47.26
241,11,355,358,165,174,137,200,280,47.25
242,7,355,67,210,326,666,406,74,47.22
243,100,120,121,210,375,344,159,138,47.2
244,12,355,478,210,153,109,250,426,47.19
245,13,202,478,210,189,139,363,426,47.18
246,2,355,60,210,157,545,800,307,47.16
247,101,297,386,126,265,305,250,76,47.16
248,5,73,478,210,271,276,130,552,47.14
249,20,355,478,188,204,167,250,637,47.14
250,8,355,478,210,208,376,283,307,47.11
251,21,168,478,210,298,207,159,637,47.05
252,20,164,478,210,354,200,134,227,47.04
253,13,183,478,108,226,239,176,259,47
254,3,355,478,210,146,218,250,204,46.99
255,102,355,288,210,201,180,134,338,46.98
256,103,355,478,210,410,334,125,227,46.95
257,21,355,478,154,302,306,250,737,46.93
258,104,355,44,210,594,512,609,481,46.91
259,105,317,270,210,184,219,250,338,46.9
260,106,134,478,210,331,302,200,373,46.89
261,107,355,262,210,366,322,220,89,46.89
262,108,203,478,143,234,201,250,259,46.88
263,22,355,478,210,254,140,220,373,46.87
264,23,122,237,210,250,203,250,373,46.87
265,109,175,268,210,247,145,176,338,46.82
266,6,316,304,93,211,256,200,637,46.8
267,2,97,169,142,333,244,220,552,46.78
268,110,355,418,210,203,285,200,204,46.78
269,2,227,182,210,276,280,150,307,46.77
270,8,355,238,210,144,275,363,481,46.75
271,111,270,185,210,196,267,200,227,46.72
272,7,324,475,210,163,333,200,737,46.67
273,1,230,455,210,266,235,283,138,46.65
274,112,355,478,150,267,175,220,373,46.64
275,9,289,374,210,222,212,250,227,46.63
276,24,347,223,210,282,217,250,481,46.63
277,12,301,172,210,253,273,220,204,46.59
278,1,327,478,147,178,321,220,426,46.59
279,14,355,478,210,294,274,283,109,46.59
280,13,355,125,210,205,352,283,637,46.58
281,15,355,226,210,332,335,250,94,46.57
282,22,355,478,122,285,232,310,737,46.57
283,1,355,51,210,580,752,406,737,46.55
284,14,355,153,210,289,251,250,338,46.52
285,2,37,129,210,619,620,609,737,46.49
286,2,231,163,210,274,350,220,373,46.49
287,25,241,78,210,393,319,220,481,46.49
288,10,267,478,141,217,176,363,552,46.48
289,7,355,478,210,277,199,220,737,46.44
290,2,83,427,89,269,394,250,426,46.42
291,3,355,279,210,256,469,363,128,46.42
292,9,355,328,210,198,424,310,138,46.42
293,113,355,478,210,338,279,220,737,46.42
294,114,35,236,210,677,444,406,373,46.41
295,23,355,478,210,324,252,363,280,46.41
296,115,355,267,122,293,221,310,170,46.4
297,24,80,276,210,353,432,406,115,46.39
298,116,355,440,182,262,353,130,737,46.37
299,25,308,478,201,287,268,800,307,46.36
300,26,78,175,210,379,367,363,280,46.34
301,4,355,464,210,210,342,220,552,46.34
302,8,355,177,210,290,345,310,737,46.32
303,27,355,453,210,284,288,406,426,46.31
304,28,355,283,210,235,222,406,637,46.31
305,3,355,478,210,249,206,283,737,46.31
306,26,70,139,75,520,742,310,737,46.3
307,117,130,54,210,986,538,609,737,46.3
308,8,268,465,210,229,368,200,426,46.3
309,5,355,449,210,228,245,310,426,46.29
310,2,355,478,210,275,242,283,426,46.29
311,3,355,64,210,545,494,310,259,46.26
312,118,355,478,210,322,357,310,552,46.25
313,1,337,478,210,243,231,220,637,46.23
314,8,355,446,210,358,661,283,68,46.23
315,1,355,478,210,700,877,609,42,46.23
316,6,135,478,136,313,215,310,227,46.21
317,27,287,253,158,612,554,493,552,46.21
318,119,295,171,210,383,307,250,115,46.2
319,120,116,165,210,348,313,220,259,46.2
320,121,178,215,210,364,300,406,373,46.2
321,122,355,478,210,424,412,150,737,46.18
322,123,355,389,210,335,383,406,138,46.15
323,28,125,478,210,317,193,363,280,46.15
324,29,198,394,210,224,253,200,259,46.13
325,9,355,478,210,260,260,283,737,46.13
326,3,190,415,115,413,225,310,373,46.12
327,29,55,258,210,374,417,493,227,46.11
328,1,355,57,210,644,928,800,426,46.1
329,2,261,120,210,304,326,493,181,46.08
330,7,355,478,210,258,314,220,373,46.08
331,1,355,246,210,248,433,310,737,46.06
332,124,355,95,210,548,380,200,338,46.06
333,10,355,478,210,484,303,310,737,46.06
334,9,355,478,210,528,565,406,57,46.02
335,125,154,256,210,272,246,250,426,46.02
336,30,355,478,210,272,209,159,481,45.99
337,1,299,478,210,181,204,406,481,45.99
338,30,355,382,210,303,248,310,737,45.98
339,16,52,135,126,841,812,609,338,45.97
340,8,201,400,210,244,254,283,737,45.97
341,11,355,478,210,291,429,250,373,45.95
342,31,169,399,210,308,284,283,737,45.95
343,31,290,478,209,328,237,283,259,45.92
344,12,276,385,206,329,359,283,637,45.92
345,32,355,478,210,525,459,310,552,45.91
346,126,334,478,210,370,205,200,637,45.89
347,6,355,72,210,582,734,800,426,45.88
348,127,240,187,210,480,290,200,481,45.88
349,10,318,168,210,311,456,493,280,45.87
350,33,187,478,174,356,210,187,637,45.87
351,128,355,478,210,469,395,363,128,45.83
352,4,355,478,210,380,316,310,280,45.83
353,11,355,315,181,296,555,310,307,45.82
354,11,355,100,210,371,507,609,307,45.8
355,2,355,372,210,318,338,220,637,45.8
356,7,355,478,210,373,634,406,100,45.79
357,34,250,371,210,309,188,406,481,45.79
358,32,355,478,210,278,255,363,426,45.79
359,13,355,478,210,367,341,406,637,45.78
360,33,355,478,210,336,349,363,204,45.78
361,129,355,82,210,639,442,310,637,45.77
362,5,355,478,165,280,382,406,138,45.76
363,130,355,342,195,468,287,493,227,45.75
364,131,355,76,210,653,577,310,637,45.74
365,132,221,111,210,427,623,310,307,45.74
366,15,355,478,210,319,289,125,373,45.74
367,14,355,478,210,378,295,283,426,45.73
368,15,355,478,210,509,489,220,737,45.71
369,133,161,478,161,402,372,187,338,45.7
370,12,152,102,210,401,547,609,204,45.7
371,1,87,478,104,539,403,250,637,45.69
372,134,312,137,210,513,499,283,338,45.69
373,2,355,478,210,377,410,310,737,45.69
374,10,355,478,210,474,505,609,89,45.67
375,4,355,478,210,255,893,493,259,45.67
376,17,355,478,210,442,299,609,307,45.67
377,16,355,478,210,320,337,363,737,45.66
378,1,192,477,176,268,348,363,737,45.66
379,135,355,478,210,365,294,363,227,45.66
380,11,239,445,210,398,626,609,84,45.66
381,5,355,189,210,261,764,406,481,45.65
382,34,355,370,210,390,402,493,307,45.65
383,16,229,478,64,530,533,363,737,45.63
384,8,355,478,210,339,556,493,89,45.63
385,13,51,478,210,408,490,406,737,45.61
386,18,355,478,210,342,315,406,204,45.6
387,17,355,478,210,399,393,310,552,45.6
388,18,355,478,210,345,336,493,338,45.6
389,19,101,203,186,360,532,609,280,45.59
390,136,262,478,210,341,378,493,194,45.59
391,3,355,478,210,320,332,609,481,45.58
392,4,355,251,210,344,434,609,138,45.58
393,17,355,478,210,286,281,406,373,45.58
394,14,355,87,210,406,926,800,426,45.57
395,9,349,332,210,359,435,493,737,45.57
396,1,355,79,210,529,904,493,737,45.57
397,35,355,71,210,728,731,800,737,45.56
398,18,355,164,210,397,396,250,737,45.55
399,15,355,127,210,307,595,800,181,45.55
400,12,355,478,210,411,652,363,115,45.55
401,137,355,468,210,388,391,493,149,45.55
402,14,213,301,185,300,361,493,181,45.55
403,15,355,478,210,440,385,363,426,45.54
404,138,355,346,131,511,277,200,637,45.53
405,16,355,478,210,452,240,283,637,45.53
406,13,355,478,210,512,741,800,78,45.51
407,19,279,325,210,473,400,493,170,45.51
408,16,355,232,210,259,656,609,181,45.5
409,36,355,147,210,486,612,609,481,45.5
410,9,355,451,210,386,583,406,109,45.49
411,3,355,220,210,232,638,609,737,45.49
412,17,158,409,210,412,695,609,121,45.49
413,20,355,478,210,504,516,406,128,45.48
414,20,355,478,210,422,500,609,737,45.47
415,139,288,444,210,495,423,283,149,45.47
416,10,206,200,210,478,672,609,109,45.47
417,21,274,128,210,567,579,493,307,45.46
418,4,244,478,210,230,406,493,552,45.46
419,1,119,478,145,400,488,363,637,45.45
420,1,355,133,210,611,537,800,115,45.45
421,37,355,352,210,387,379,310,552,45.44
422,19,355,110,210,540,687,493,552,45.44
423,140,355,478,210,579,471,310,737,45.43
424,22,355,217,210,503,506,363,204,45.43
425,5,253,354,210,426,360,493,373,45.43
426,11,355,478,210,409,184,609,481,45.43
427,4,351,413,210,381,365,406,159,45.43
428,14,355,478,210,781,792,800,68,45.43
429,15,355,478,210,626,663,800,84,45.43
430,6,355,235,210,554,461,493,637,45.41
431,21,355,478,210,404,328,406,280,45.41
432,17,355,478,210,327,228,406,426,45.41
433,10,355,478,210,376,266,363,737,45.4
434,141,355,478,97,449,374,283,637,45.4
435,18,224,469,210,270,467,493,373,45.4
436,2,263,88,210,701,732,800,637,45.4
437,3,355,478,210,297,534,406,227,45.39
438,19,355,228,210,310,627,609,481,45.39
439,142,314,180,210,441,419,406,637,45.39
440,16,355,422,210,395,511,363,128,45.38
441,143,355,478,210,384,478,220,552,45.38
442,144,355,478,210,488,542,609,280,45.37
443,145,355,104,210,712,501,406,737,45.37
444,23,109,478,210,603,455,493,149,45.36
445,12,355,478,210,343,477,363,338,45.36
446,146,355,350,210,538,414,609,737,45.36
447,17,355,343,210,646,802,609,94,45.35
448,147,129,249,210,459,479,310,338,45.34
449,38,355,339,210,372,398,250,637,45.33
450,1,330,263,210,450,310,493,426,45.33
451,2,232,278,210,416,375,493,552,45.29
452,5,355,478,210,482,401,800,637,45.29
453,12,355,478,210,316,451,310,194,45.29
454,24,355,327,210,455,409,493,373,45.29
455,22,355,431,210,421,440,310,637,45.28
456,23,355,478,210,407,356,310,737,45.27
457,20,355,466,210,245,588,493,481,45.27
458,35,355,478,210,454,539,406,170,45.26
459,4,355,142,210,584,436,310,737,45.26
460,148,355,347,210,516,325,250,637,45.26
461,25,355,196,210,650,362,800,338,45.26
462,18,355,478,126,489,220,493,737,45.25
463,3,355,359,210,423,464,406,227,45.25
464,149,196,176,210,568,474,493,280,45.25
465,21,355,162,210,330,855,609,373,45.24
466,24,355,478,210,435,485,310,637,45.23
467,150,355,369,210,677,630,200,737,45.23
468,36,355,478,157,475,347,493,481,45.22
469,151,355,379,148,451,211,363,373,45.22
470,152,355,349,210,643,521,406,737,45.22
471,26,355,333,210,564,568,283,204,45.22
472,39,355,245,210,382,454,406,426,45.22
473,153,355,351,210,578,566,220,637,45.21
474,13,355,478,210,361,468,609,204,45.21
475,22,355,289,210,283,875,609,338,45.21
476,19,355,478,210,351,355,609,307,45.2
477,154,189,260,210,506,513,310,373,45.2
478,2,355,478,210,334,649,493,637,45.2
479,2,355,478,210,396,466,609,552,45.19
480,155,355,277,210,392,508,250,552,45.19
481,37,352,478,210,433,615,800,338,45.19
482,156,355,421,210,637,660,609,121,45.18
483,20,320,380,210,337,427,310,373,45.18
484,27,355,478,210,645,482,406,737,45.18
485,157,355,224,210,531,327,363,426,45.18
486,9,355,452,210,416,292,283,552,45.18
487,3,173,154,210,561,426,493,737,45.17
488,158,283,141,210,906,487,493,552,45.16
489,159,251,123,210,767,718,800,737,45.15
490,160,355,478,210,792,618,250,637,45.15
491,38,355,478,210,487,370,493,737,45.15
492,2,355,115,210,670,910,493,426,45.15
493,18,355,247,210,437,662,609,637,45.14
494,40,355,103,210,808,868,800,637,45.14
495,20,355,478,210,340,525,609,307,45.14
496,4,355,462,210,430,476,493,170,45.14
497,39,355,392,210,431,527,406,259,45.14
498,23,355,292,210,403,650,493,227,45.12
499,41,195,234,210,414,548,406,338,45.12
500,40,355,478,210,483,619,493,259,45.11
501,3,355,478,210,305,495,609,280,45.11
502,28,355,322,210,550,450,310,637,45.11
503,6,266,408,210,415,392,609,259,45.11
504,161,141,157,210,580,617,609,481,45.11
505,162,355,478,210,554,377,363,373,45.1
506,10,355,274,210,445,460,609,338,45.1
507,11,82,478,210,551,573,609,637,45.1
508,41,345,478,202,385,340,800,737,45.1
509,29,355,478,210,607,269,493,737,45.09
510,163,355,478,210,424,470,493,737,45.09
511,25,355,478,210,576,604,609,737,45.07
512,164,355,434,210,465,504,363,426,45.07
513,19,355,395,210,954,915,800,89,45.07
514,8,208,209,210,727,405,406,552,45.05
515,24,355,478,210,306,530,800,373,45.05
516,1,355,478,210,629,311,310,737,45.05
517,21,355,478,210,446,437,406,637,45.05
518,6,338,429,197,526,524,406,481,45.04
519,14,355,478,210,428,755,609,121,45.04
520,15,354,441,210,350,684,493,338,45.04
521,165,355,478,210,726,594,493,481,45.04
522,166,355,478,150,736,411,609,737,45.03
523,21,355,108,210,995,837,800,637,45.03
524,167,156,419,210,553,473,363,307,45.03
525,1,355,478,210,346,449,310,737,45.02
526,22,355,478,210,429,324,493,737,45.02
527,4,296,161,210,630,441,609,637,45.01
528,25,355,478,210,444,808,609,204,45.01
529,20,355,403,210,564,730,800,128,45.01
530,42,355,478,210,491,329,609,637,45.01
531,16,355,478,210,325,418,493,426,45.01
532,23,252,478,210,467,265,609,373,45.01
533,26,355,478,210,583,397,609,552,45.01
534,5,355,478,210,355,502,406,737,45.01
535,4,355,478,210,522,785,609,121,45
536,43,355,478,210,442,293,310,552,44.99
537,168,218,273,210,537,491,406,737,44.99
538,169,335,140,210,991,796,609,552,44.99
539,30,307,474,210,573,611,800,149,44.98
540,170,355,344,210,557,354,363,637,44.98
541,42,355,478,210,560,317,406,373,44.98
542,31,355,478,210,763,609,493,259,44.98
543,5,332,212,210,708,722,363,737,44.97
544,7,355,136,210,819,670,800,737,44.97
545,3,348,478,210,420,415,609,481,44.97
546,12,355,478,210,434,475,609,637,44.97
547,32,355,478,210,715,304,493,426,44.96
548,171,355,261,210,463,585,310,373,44.96
549,44,355,478,210,439,296,363,552,44.96
550,2,355,478,210,479,366,406,737,44.96
551,3,355,478,210,481,497,406,737,44.96
552,43,246,360,210,624,526,609,373,44.95
553,4,355,478,210,419,659,609,170,44.95
554,27,355,478,210,447,590,800,552,44.94
555,33,355,306,210,764,531,310,307,44.94
556,1,353,478,210,600,388,406,259,44.94
557,24,355,478,210,505,453,406,552,44.94
558,4,355,478,210,493,413,310,737,44.94
559,172,286,357,210,638,430,800,552,44.93
560,26,355,254,210,523,881,609,170,44.93
561,1,103,205,210,892,850,800,737,44.93
562,25,355,478,210,492,404,310,426,44.93
563,44,106,335,210,710,651,406,737,44.92
564,1,355,478,210,572,528,406,426,44.92
565,6,204,478,210,369,438,609,637,44.92
566,26,355,478,210,394,408,363,481,44.92
567,28,355,478,210,436,750,493,737,44.91
568,27,355,201,210,499,705,800,737,44.91
569,6,153,308,210,536,846,609,227,44.91
570,34,355,211,210,694,648,493,373,44.9
571,27,355,478,210,389,667,493,481,44.9
572,13,355,478,210,510,238,363,552,44.9
573,35,355,478,210,586,589,406,149,44.89
574,7,355,201,210,501,966,800,426,44.89
575,29,355,478,210,544,598,609,737,44.89
576,8,355,206,210,532,928,406,280,44.89
577,45,355,437,210,534,425,493,426,44.88
578,30,355,478,210,595,407,609,737,44.87
579,31,355,478,210,464,773,800,181,44.85
580,17,355,478,210,437,465,493,426,44.85
581,36,355,324,210,585,564,493,338,44.85
582,4,355,478,210,569,828,609,737,44.85
583,32,355,478,210,514,536,800,552,44.85
584,37,355,199,210,846,710,493,373,44.85
585,5,355,478,210,418,632,406,552,44.85
586,173,355,478,210,616,431,363,481,44.85
587,1,355,150,210,902,550,406,637,44.85
588,28,355,294,210,500,915,800,737,44.84
589,38,355,478,210,697,608,493,481,44.84
590,174,355,478,210,796,549,609,552,44.84
591,175,191,478,210,571,518,800,552,44.83
592,9,355,478,210,458,420,310,737,44.83
593,5,355,384,210,606,633,363,426,44.83
594,39,355,316,210,646,682,609,204,44.83
595,7,355,478,210,357,582,800,737,44.82
596,176,355,259,210,671,602,363,481,44.82
597,33,355,478,210,490,569,609,737,44.82
598,2,355,478,210,668,517,493,552,44.82
599,29,355,166,210,592,928,493,373,44.82
600,4,355,478,210,593,597,609,307,44.82
601,21,355,478,210,896,934,609,121,44.82
602,2,255,337,210,681,580,609,737,44.81
603,40,355,478,210,574,707,609,227,44.81
604,177,341,478,210,699,320,493,552,44.81
605,14,355,478,210,457,733,493,552,44.81
606,178,355,229,210,731,610,800,737,44.8
607,8,143,312,210,830,713,609,637,44.8
608,15,355,478,210,461,278,609,737,44.8
609,5,355,233,210,597,557,493,481,44.8
610,30,355,478,210,653,837,493,737,44.79
611,10,355,307,210,845,846,609,737,44.79
612,16,355,478,210,462,389,406,426,44.79
613,17,355,459,210,556,678,609,637,44.79
614,13,355,227,210,605,861,609,737,44.78
615,22,355,387,210,543,770,609,481,44.78
616,179,355,478,210,907,806,493,737,44.78
617,28,355,435,210,710,581,800,737,44.77
618,34,355,478,210,617,643,800,737,44.77
619,23,355,478,210,472,561,493,307,44.77
620,18,355,423,210,558,558,363,737,44.77
621,180,355,478,210,608,339,609,737,44.77
622,29,236,478,143,615,480,609,481,44.77
623,181,142,478,210,993,753,609,737,44.76
624,46,281,478,180,718,343,493,737,44.76
625,18,355,478,210,470,543,493,373,44.76
626,6,355,478,210,515,616,406,737,44.76
627,22,355,478,210,496,742,310,737,44.75
628,5,355,448,210,552,575,609,637,44.75
629,24,355,478,210,598,798,800,227,44.74
630,47,355,478,210,613,301,800,637,44.74
631,5,355,478,210,485,674,406,552,44.74
632,5,355,478,210,506,515,609,552,44.74
633,182,355,478,210,664,445,493,426,44.74
634,45,207,478,210,541,369,609,481,44.74
635,8,355,364,210,405,692,609,737,44.74
636,19,355,439,210,559,446,800,737,44.73
637,183,355,204,210,696,866,493,737,44.73
638,184,355,478,210,640,399,406,373,44.73
639,185,355,213,210,931,864,406,737,44.73
640,48,355,478,210,759,697,310,637,44.73
641,19,355,478,210,521,358,800,552,44.73
642,186,355,478,210,502,484,363,637,44.73
643,7,355,478,210,622,673,800,481,44.72
644,187,269,478,210,943,599,406,204,44.72
645,49,355,478,210,792,390,609,637,44.72
646,188,355,478,210,748,593,406,552,44.72
647,5,355,478,210,813,724,310,552,44.72
648,6,167,478,210,498,938,493,737,44.72
649,23,355,239,210,758,910,800,481,44.72
650,20,355,478,210,575,646,493,552,44.71
651,30,214,478,210,524,541,800,737,44.71
652,41,355,478,210,599,519,493,338,44.71
653,3,257,197,210,722,881,609,552,44.71
654,42,355,478,210,648,664,493,426,44.71
655,3,355,478,210,636,636,406,737,44.71
656,11,355,478,210,820,771,406,737,44.7
657,24,355,478,210,563,596,800,737,44.7
658,43,355,478,210,655,721,493,373,44.7
659,189,355,353,210,649,373,406,737,44.7
660,21,355,478,210,657,797,800,227,44.7
661,190,235,326,210,745,654,800,426,44.69
662,31,355,478,210,854,624,800,637,44.69
663,50,355,478,210,635,535,406,737,44.69
664,8,355,478,210,471,462,493,737,44.69
665,191,355,366,210,936,613,310,373,44.69
666,44,355,478,210,929,823,609,280,44.69
667,11,237,285,210,746,927,363,737,44.69
668,2,355,478,117,799,640,800,159,44.69
669,31,355,478,210,716,774,609,737,44.69
670,192,355,272,210,784,540,800,481,44.68
671,25,355,457,210,534,546,406,737,44.68
672,32,355,431,210,477,614,800,481,44.68
673,3,355,478,210,660,586,406,552,44.68
674,193,355,478,210,820,759,609,737,44.68
675,194,355,478,210,717,622,406,426,44.68
676,35,355,478,210,685,600,609,737,44.67
677,195,355,412,210,619,457,800,737,44.67
678,6,355,478,210,591,922,609,637,44.67
679,6,355,478,210,590,641,363,338,44.67
680,36,355,478,210,577,763,800,737,44.67
681,196,355,478,210,494,514,493,637,44.67
682,32,188,478,210,684,503,609,481,44.67
683,7,355,478,210,352,655,493,552,44.67
684,45,355,478,154,800,788,800,552,44.67
685,33,355,405,210,619,974,800,259,44.67
686,197,355,478,210,855,498,609,737,44.66
687,8,355,373,210,738,645,493,481,44.66
688,4,333,478,210,695,748,310,737,44.66
689,33,355,478,210,672,783,609,737,44.66
690,46,355,323,210,659,736,609,737,44.66
691,198,355,478,210,625,553,800,373,44.66
692,22,355,478,210,570,786,406,481,44.66
693,51,355,375,210,656,458,609,737,44.65
694,47,355,478,210,894,621,609,552,44.65
695,37,355,478,210,632,607,406,637,44.65
696,9,225,230,210,754,952,800,737,44.65
697,7,355,363,210,587,448,609,552,44.65
698,9,355,478,210,724,686,609,552,44.65
699,52,355,355,210,533,544,609,552,44.65
700,34,355,478,210,432,381,609,552,44.64
701,38,355,478,210,666,639,800,737,44.64
702,199,329,478,210,756,422,406,373,44.64
703,53,355,381,210,602,601,609,552,44.64
704,200,355,216,210,909,791,800,737,44.64
705,54,355,478,210,497,778,609,637,44.63
706,46,355,478,210,652,483,800,737,44.63
707,55,355,331,210,839,879,493,338,44.63
708,23,355,478,210,682,878,609,637,44.63
709,9,355,309,210,816,892,609,737,44.63
710,35,355,243,210,852,938,406,637,44.63
711,9,355,478,210,746,629,800,552,44.63
712,4,355,478,198,651,765,800,552,44.63
713,36,355,478,210,466,799,800,737,44.63
714,24,355,478,210,634,529,406,552,44.63
715,37,355,420,210,786,974,609,259,44.63
716,201,355,390,210,782,592,609,338,44.62
717,202,258,478,210,876,496,800,737,44.62
718,203,355,411,210,686,676,800,481,44.62
719,47,355,478,210,780,668,609,737,44.62
720,204,355,361,210,883,522,406,552,44.62
721,48,355,478,210,823,712,609,737,44.62
722,38,355,478,210,508,925,609,637,44.62
723,20,355,280,210,663,795,800,426,44.62
724,56,355,478,210,744,421,609,737,44.61
725,10,355,478,210,686,683,493,552,44.61
726,49,355,478,210,706,510,800,737,44.61
727,205,355,264,210,749,671,493,637,44.61
728,39,355,478,210,733,574,609,737,44.61
729,25,355,478,210,596,637,406,481,44.61
730,26,355,478,210,769,584,800,307,44.61
731,39,355,478,210,833,952,250,481,44.61
732,1,355,478,210,709,625,493,737,44.6
733,206,355,478,210,886,443,800,737,44.6
734,50,355,478,210,805,834,609,338,44.6
735,57,355,334,210,804,717,609,737,44.6
736,207,247,383,210,825,606,800,737,44.6
737,21,355,478,210,658,447,493,737,44.6
738,58,355,478,210,940,895,493,259,44.6
739,34,355,478,210,998,363,609,737,44.59
740,40,355,478,210,518,809,609,552,44.59
741,2,355,476,210,546,523,406,737,44.59
742,2,355,478,210,667,567,800,737,44.59
743,51,355,478,210,719,735,609,307,44.59
744,52,355,478,210,858,895,406,481,44.59
745,53,355,478,210,945,760,609,737,44.59
746,208,155,478,210,692,772,800,737,44.59
747,209,355,478,210,683,658,609,426,44.59
748,210,355,478,210,791,571,493,737,44.58
749,1,171,478,210,519,974,800,737,44.58
750,35,355,478,210,829,486,493,737,44.58
751,40,355,478,210,794,920,493,737,44.58
752,54,355,478,210,765,463,493,552,44.58
753,211,355,314,210,949,560,406,552,44.58
754,9,340,478,210,831,631,800,637,44.58
755,2,322,478,210,549,572,406,307,44.58
756,55,355,478,210,975,711,609,637,44.58
757,27,355,430,210,675,966,800,280,44.57
758,41,355,478,210,566,816,406,737,44.57
759,48,355,478,210,910,587,800,737,44.57
760,56,355,478,210,981,727,800,737,44.57
761,41,355,478,210,281,308,800,637,44.57
762,57,355,478,210,760,719,609,481,44.57
763,28,355,478,210,623,726,609,737,44.57
764,10,355,478,210,789,814,609,481,44.57
765,58,355,478,210,773,757,800,481,44.57
766,212,355,305,210,943,966,800,552,44.57
767,213,355,478,210,966,739,800,307,44.56
768,25,355,478,210,828,902,800,227,44.56
769,36,193,478,210,626,801,609,552,44.56
770,29,355,478,210,631,754,609,552,44.56
771,3,336,478,210,698,793,406,737,44.56
772,59,355,478,210,912,635,609,426,44.56
773,4,355,388,210,641,858,363,637,44.56
774,10,355,478,210,562,854,800,552,44.56
775,60,140,478,210,846,866,609,373,44.56
776,26,355,454,210,768,966,800,227,44.55
777,12,355,478,210,865,642,493,426,44.55
778,3,355,478,210,932,897,800,159,44.55
779,37,355,478,210,517,681,609,481,44.55
780,38,144,478,210,957,563,609,737,44.55
781,61,259,478,210,924,690,609,280,44.55
782,42,355,478,210,641,725,609,307,44.55
783,214,355,478,210,934,416,609,552,44.55
784,26,355,478,210,679,907,800,373,44.55
785,42,355,478,210,662,685,493,637,44.54
786,62,355,478,210,972,852,800,259,44.54
787,63,355,310,210,775,948,609,280,44.54
788,5,355,461,210,751,723,493,737,44.54
789,39,355,478,210,735,689,406,481,44.54
790,43,355,400,210,589,910,800,259,44.54
791,11,355,478,210,453,897,800,737,44.54
792,40,350,478,210,689,720,609,280,44.54
793,215,355,365,210,907,653,609,737,44.54
794,5,355,478,210,757,578,493,637,44.54
795,41,355,478,210,803,767,363,481,44.54
796,216,323,478,210,779,768,406,481,44.53
797,3,355,478,210,704,452,800,426,44.53
798,12,355,478,210,475,680,800,737,44.53
799,49,355,478,210,753,665,609,637,44.53
800,59,355,478,210,818,562,493,481,44.53
801,27,355,240,210,987,920,800,737,44.53
802,1,310,473,176,701,729,609,737,44.52
803,30,355,478,210,547,745,493,426,44.52
804,4,355,478,210,771,559,609,481,44.52
805,13,355,478,210,542,888,493,552,44.52
806,60,355,341,210,851,755,609,481,44.52
807,3,355,230,210,954,938,800,737,44.52
808,6,355,478,210,734,822,406,737,44.52
809,1,280,478,210,448,702,493,737,44.51
810,43,355,478,210,835,675,609,637,44.51
811,5,238,478,210,714,758,800,552,44.51
812,11,355,367,210,970,703,800,737,44.51
813,217,355,478,210,926,928,406,227,44.51
814,31,355,478,210,806,948,609,481,44.5
815,44,355,302,210,705,871,609,637,44.5
816,45,355,478,210,601,959,609,637,44.5
817,61,355,442,210,919,679,800,481,44.5
818,46,355,463,210,725,778,800,637,44.49
819,6,355,478,210,807,959,493,280,44.49
820,7,215,478,210,1000,716,800,552,44.49
821,27,355,478,210,707,850,609,338,44.49
822,62,205,478,210,827,551,493,737,44.49
823,218,355,478,210,794,845,800,737,44.49
824,47,355,478,210,618,800,609,737,44.48
825,63,355,478,210,860,841,800,552,44.48
826,1,234,478,210,798,874,406,737,44.48
827,28,355,478,210,889,740,609,338,44.48
828,44,355,478,210,939,781,800,552,44.48
829,28,355,478,210,751,863,800,338,44.47
830,64,355,478,210,925,788,800,426,44.47
831,29,355,329,210,719,784,800,552,44.47
832,29,355,478,210,778,826,800,373,44.47
833,2,355,478,210,588,938,493,737,44.47
834,30,355,478,210,676,775,609,280,44.47
835,219,303,368,210,992,669,800,637,44.46
836,22,355,478,210,812,492,800,737,44.46
837,31,355,478,210,918,974,800,194,44.46
838,1,326,478,210,790,728,609,737,44.46
839,2,355,478,210,866,810,609,552,44.46
840,65,355,281,210,870,884,493,426,44.46
841,45,355,478,210,740,605,800,737,44.46
842,48,355,436,210,777,699,609,552,44.45
843,42,284,478,210,832,833,609,637,44.45
844,220,355,391,210,897,817,609,737,44.45
845,8,355,478,210,754,856,493,637,44.45
846,49,355,290,210,855,880,800,481,44.45
847,221,355,478,210,864,704,406,737,44.45
848,32,355,478,210,738,698,800,637,44.45
849,3,355,478,210,603,903,800,737,44.45
850,66,355,478,210,887,657,609,552,44.45
851,43,355,478,210,824,805,800,552,44.45
852,9,355,300,210,783,922,609,737,44.45
853,222,355,478,210,959,699,363,737,44.44
854,30,355,478,210,912,829,493,637,44.44
855,14,355,478,210,760,987,800,737,44.44
856,7,355,478,210,788,782,609,737,44.44
857,15,355,345,210,721,890,493,737,44.44
858,67,355,318,210,912,603,493,637,44.44
859,23,355,478,210,690,959,800,637,44.44
860,68,355,478,210,966,901,609,637,44.44
861,50,355,478,203,741,493,800,637,44.44
862,6,355,478,210,963,834,800,373,44.44
863,69,355,478,210,879,761,800,737,44.44
864,223,355,478,210,883,842,800,737,44.44
865,50,355,478,210,810,987,800,227,44.44
866,24,355,478,210,613,696,493,426,44.43
867,224,355,478,210,936,849,609,552,44.43
868,13,355,478,210,879,853,609,637,44.43
869,70,355,478,210,927,831,800,307,44.43
870,51,355,478,210,703,824,800,481,44.43
871,3,355,478,210,838,706,609,737,44.43
872,46,355,478,210,844,804,800,637,44.43
873,71,355,478,210,952,819,609,426,44.43
874,225,355,478,210,935,647,800,426,44.43
875,33,355,478,210,729,871,800,637,44.42
876,72,355,478,210,965,738,800,737,44.42
877,52,355,478,210,873,922,800,552,44.42
878,5,233,478,210,665,762,800,481,44.42
879,6,355,340,210,973,860,493,481,44.42
880,12,355,478,210,853,691,609,637,44.42
881,34,355,478,210,863,793,800,373,44.42
882,226,355,478,210,848,701,800,737,44.42
883,53,355,478,210,691,570,609,481,44.41
884,31,355,478,210,899,746,609,552,44.41
885,35,355,478,210,871,888,609,637,44.41
886,54,355,458,210,974,938,800,737,44.41
887,44,355,478,210,661,472,800,552,44.41
888,73,355,478,210,922,693,609,637,44.41
889,45,355,478,210,743,509,609,637,44.41
890,51,355,478,210,877,714,406,737,44.41
891,1,355,478,210,915,708,609,737,44.4
892,64,355,478,210,966,859,406,737,44.4
893,16,355,478,210,610,974,800,737,44.4
894,10,355,450,210,785,777,800,737,44.4
895,46,355,478,210,834,644,800,481,44.4
896,55,355,478,210,674,766,800,637,44.4
897,3,355,478,210,713,818,609,737,44.39
898,11,355,478,210,608,959,800,737,44.39
899,17,355,317,210,774,934,800,737,44.39
900,8,355,478,210,742,952,609,737,44.39
901,2,355,297,210,882,748,609,737,44.39
902,36,355,478,210,932,864,493,426,44.39
903,9,355,478,210,817,820,493,737,44.39
904,14,355,478,210,871,987,493,737,44.39
905,32,355,478,210,904,952,800,373,44.39
906,25,355,478,210,693,591,609,737,44.39
907,56,355,425,210,797,966,800,737,44.39
908,52,355,478,210,949,885,493,737,44.39
909,53,355,478,210,841,628,800,737,44.38
910,26,355,478,210,911,694,609,737,44.38
911,15,355,478,210,857,938,800,737,44.38
912,57,355,478,210,969,751,609,737,44.38
913,227,355,478,210,903,840,800,737,44.38
914,6,344,478,210,732,812,800,737,44.38
915,37,355,478,210,669,959,800,307,44.38
916,3,147,478,210,875,910,609,737,44.38
917,58,355,478,210,672,715,800,737,44.38
918,7,355,478,210,879,839,493,552,44.38
919,12,355,414,210,985,974,800,737,44.37
920,54,355,330,210,988,952,800,373,44.37
921,59,264,478,210,760,875,609,737,44.37
922,8,355,443,210,771,900,800,737,44.37
923,228,355,478,210,957,576,800,338,44.37
924,1,355,478,210,983,821,800,426,44.36
925,13,355,478,210,688,934,800,737,44.36
926,7,355,478,210,867,974,609,737,44.36
927,47,355,478,210,938,886,609,737,44.36
928,18,355,376,210,869,987,800,737,44.36
929,14,355,478,210,730,787,800,737,44.36
930,38,355,478,210,959,966,800,737,44.36
931,33,355,478,210,942,950,800,552,44.36
932,60,355,478,210,680,747,609,552,44.36
933,1,355,478,210,940,744,800,737,44.35
934,10,355,478,210,948,914,800,737,44.35
935,61,355,478,210,775,974,800,737,44.35
936,39,355,478,210,959,803,800,552,44.35
937,40,355,478,210,947,899,800,426,44.35
938,4,355,478,210,722,904,609,737,44.34
939,27,355,478,210,916,552,493,637,44.34
940,15,355,478,210,765,883,800,373,44.34
941,62,355,478,210,836,959,800,280,44.34
942,63,355,478,210,800,844,609,481,44.34
943,64,355,478,210,737,932,800,637,44.33
944,8,355,478,210,897,868,800,373,44.33
945,65,355,393,210,893,918,800,737,44.33
946,66,355,478,210,928,907,800,737,44.33
947,67,355,417,210,628,987,800,737,44.33
948,47,355,478,210,977,868,609,481,44.33
949,74,355,478,210,995,439,609,737,44.33
950,19,355,478,210,750,987,609,737,44.32
951,2,254,478,210,963,950,800,737,44.32
952,20,355,478,210,894,974,800,737,44.32
953,1,355,478,210,802,887,609,737,44.32
954,9,355,478,210,815,843,609,737,44.32
955,68,355,478,210,873,737,800,637,44.32
956,5,355,478,210,860,952,609,737,44.32
957,1,321,478,210,837,776,609,737,44.32
958,3,355,478,210,978,974,609,737,44.31
959,6,355,478,210,769,952,609,737,44.31
960,69,355,478,210,971,987,800,280,44.31
961,48,355,478,210,840,938,493,737,44.31
962,7,355,478,210,951,826,800,737,44.31
963,5,355,478,210,994,871,800,737,44.31
964,16,355,478,210,826,806,800,737,44.31
965,4,355,478,210,891,848,609,737,44.31
966,55,355,478,210,849,831,800,737,44.31
967,17,355,478,210,981,856,609,737,44.31
968,70,355,478,210,923,915,800,737,44.3
969,229,355,478,210,962,815,800,737,44.3
970,34,355,478,210,997,938,609,552,44.3
971,4,355,478,210,984,938,493,481,44.3
972,32,355,478,210,813,966,609,637,44.3
973,71,355,478,210,946,830,800,737,44.3
974,21,355,478,210,978,891,800,737,44.3
975,72,355,478,210,919,987,800,552,44.3
976,7,355,478,210,811,987,800,737,44.29
977,1,355,478,210,999,778,609,737,44.29
978,4,355,478,210,976,811,800,737,44.29
979,49,355,478,210,988,987,800,737,44.29
980,73,355,478,210,888,974,800,373,44.29
981,74,355,478,210,917,987,800,637,44.28
982,75,355,478,210,849,709,800,737,44.28
983,18,355,478,210,952,904,609,737,44.28
984,41,355,478,210,859,836,800,737,44.27
985,76,355,478,210,809,938,609,637,44.27
986,77,313,478,210,919,974,800,637,44.27
987,78,355,478,210,787,894,800,737,44.27
988,79,355,478,210,885,907,800,737,44.26
989,22,355,478,210,929,974,800,737,44.26
990,80,355,478,210,900,862,800,737,44.26
991,81,355,478,210,905,932,800,737,44.26
992,4,355,470,210,843,688,609,637,44.26
993,8,355,478,210,822,987,493,737,44.25
994,23,355,478,210,878,987,800,737,44.24
995,50,355,478,210,990,918,800,637,44.24
996,24,355,478,210,901,934,800,737,44.24
997,25,355,478,210,867,987,800,737,44.24
998,82,355,478,210,956,965,800,737,44.23
999,83,355,478,210,860,973,800,637,44.21
1000,84,355,478,210,890,790,800,737,44.18
1,1,1,1,1,1,1,1,3,100
2,2,9,2,4,5,3,3,10,98.66
3,3,3,11,2,15,2,2,1,97.54
4,1,2,10,5,11,6,12,48,96.81
5,2,7,13,10,7,12,7,15,96.46
6,4,13,6,9,13,13,11,4,96.14
7,5,5,21,6,10,4,4,29,92.25
8,6,11,14,8,17,16,12,141,90.7
9,7,4,15,3,72,25,24,225,89.42
10,8,12,18,14,24,15,25,11,86.79
11,9,10,26,11,18,8,35,49,86.61
12,10,6,328,7,53,9,19,13,84.4
13,1,16,3,38,14,19,31,7,78.23
14,11,20,4,28,8,18,14,14,77.6
15,12,28,27,13,6,14,8,9,76.91
16,13,18,84,16,4,11,5,2,71.6
17,2,22,16,24,30,42,88,16,68.6
18,14,32,22,18,47,29,46,43,68.39
19,15,24,17,140,3,20,6,12,68.36
20,1,17,64,17,44,27,39,57,66.93
21,16,36,567,19,16,5,15,17,66.59
22,17,163,12,104,27,34,27,42,66.56
23,1,15,164,15,120,97,368,35,65.71
24,1,367,9,218,36,163,146,6,64.82
25,18,29,29,34,21,24,22,27,64.51
26,19,367,567,20,22,7,15,56,63.69
27,3,21,447,27,12,22,15,67,62.27
28,20,74,31,56,19,23,15,33,61.55
29,21,49,567,12,372,28,115,289,61.28
30,22,75,36,25,48,50,26,38,61.14
31,23,48,103,41,9,10,10,40,60.61
32,1,70,51,32,2,17,9,145,60.04
33,24,33,75,21,40,48,42,65,59.94
34,3,284,5,218,309,246,368,80,59.84
35,4,90,82,30,19,26,23,47,59.61
36,1,98,7,216,327,314,234,172,59.2
37,2,8,502,54,379,157,645,871,58.8
38,4,288,8,218,406,389,368,248,58.17
39,2,19,567,22,246,63,234,45,57.17
40,25,124,69,86,32,32,19,41,57.09
41,26,209,20,126,94,74,88,97,56.73
42,2,34,37,75,33,53,44,132,56.49
43,27,55,33,47,75,95,68,28,56.39
44,28,40,19,218,246,167,136,63,56.35
45,5,46,39,75,50,58,182,18,56.03
46,29,79,169,218,25,57,21,50,55.63
47,30,230,44,62,49,43,28,92,55.54
48,31,63,130,63,23,40,31,59,55.51
49,32,96,87,82,28,52,31,44,55.39
50,33,91,40,37,100,66,46,61,55.23
51,34,152,62,39,57,64,101,34,55.12
52,35,101,96,71,41,21,29,169,55.03
53,36,54,227,59,29,33,35,62,54.85
54,37,80,67,31,96,38,45,133,54.62
55,5,44,127,33,54,37,65,228,54.39
56,1,182,38,218,52,131,182,20,54.26
57,1,92,25,218,46,223,182,695,54.23
58,3,26,393,26,73,86,115,324,54.21
59,1,14,175,48,268,254,287,861,54.19
60,38,214,276,96,37,73,46,5,54.18
61,39,25,160,23,211,225,78,165,54
62,3,81,275,93,26,36,37,81,53.92
63,4,30,404,88,31,35,68,87,53.79
64,40,133,280,29,111,59,46,77,53.63
65,1,367,98,218,34,125,78,25,53.44
66,41,303,54,83,60,45,37,135,53.43
67,6,99,92,72,43,70,29,142,53.38
68,42,139,55,87,74,39,31,235,53.26
69,43,87,94,110,55,62,59,51,53.05
70,44,97,105,67,97,65,101,19,52.89
71,1,149,567,36,51,54,52,743,52.79
72,45,68,210,43,58,47,39,280,52.72
73,6,41,170,218,68,127,115,22,52.57
74,1,117,149,64,38,31,59,432,52.51
75,46,59,567,35,131,30,78,173,52.5
76,1,38,402,51,69,61,46,243,52.32
77,47,221,24,155,242,242,182,352,52.27
78,2,309,73,218,63,158,65,30,52.21
79,2,42,129,92,66,55,53,167,52.16
80,48,135,60,218,107,152,78,36,52.08
81,49,72,53,113,114,118,68,64,52.03
82,1,367,202,218,35,92,53,74,52.03
83,50,64,43,73,121,67,76,200,52.01
84,51,367,146,116,67,60,93,55,51.85
85,1,367,46,189,87,147,53,227,51.78
86,3,77,107,50,98,117,136,39,51.75
87,2,84,199,115,39,44,59,429,51.74
88,1,105,198,166,45,103,46,75,51.61
89,52,227,567,44,78,51,68,162,51.51
90,53,367,567,80,93,72,42,71,51.51
91,2,367,74,116,124,114,39,58,51.47
92,3,35,191,42,122,77,115,321,51.46
93,2,141,113,218,42,68,53,223,51.34
94,7,27,190,114,76,116,101,188,51.31
95,54,60,48,182,166,160,93,84,51.22
96,4,115,389,85,56,46,68,137,51.14
97,55,367,455,66,143,85,76,21,51.13
98,2,367,45,218,140,326,321,23,51.02
99,1,53,286,40,106,134,101,302,50.81
100,7,367,49,218,152,182,264,37,50.6
101,3,37,118,177,104,90,128,119,50.58
102,56,339,108,46,77,98,88,201,50.43
103,3,269,292,142,65,78,101,68,50.4
104,5,278,23,169,977,834,812,871,50.34
105,57,50,215,195,137,106,59,111,50.28
106,58,134,35,178,180,143,161,178,50.26
107,4,169,151,153,62,109,82,116,50.25
108,3,120,567,102,82,94,53,260,50.17
109,8,170,50,128,169,169,136,52,50.13
110,4,313,193,196,64,96,68,316,50.1
111,1,56,551,111,80,79,88,420,50.04
112,1,67,205,45,83,166,212,312,49.97
113,59,159,34,218,298,321,321,122,49.92
114,5,109,317,212,70,88,93,282,49.83
115,3,367,58,218,172,411,321,26,49.79
116,1,367,226,218,61,108,93,215,49.79
117,2,136,466,169,85,135,53,871,49.75
118,60,112,162,218,88,123,65,136,49.74
119,2,123,329,147,84,149,68,90,49.73
120,61,52,161,95,255,150,59,76,49.73
121,62,367,567,218,113,41,101,199,49.7
122,2,310,165,106,91,81,101,154,49.65
123,8,194,196,74,92,69,82,335,49.59
124,3,73,321,70,95,75,93,871,49.57
125,9,39,322,53,138,140,146,78,49.57
126,4,199,30,105,221,300,321,797,49.54
127,63,367,567,140,135,110,128,72,49.48
128,9,234,89,218,123,144,82,402,49.45
129,6,367,385,218,79,120,68,871,49.44
130,4,177,70,218,90,177,101,157,49.33
131,6,127,567,68,105,56,115,483,49.33
132,1,297,71,218,59,186,136,710,49.31
133,5,367,41,218,149,208,234,261,49.31
134,7,128,274,218,89,119,93,410,49.3
135,2,367,567,218,102,361,212,32,49.29
136,4,45,180,55,186,221,161,88,49.12
137,64,367,241,218,159,130,82,73,49.09
138,65,186,567,58,173,84,93,96,49.09
139,66,367,159,218,250,151,59,313,49.05
140,10,131,109,84,116,176,146,138,49.02
141,67,233,296,167,103,83,115,121,49.01
142,68,179,28,218,624,655,368,824,48.99
143,69,367,567,218,160,71,161,101,48.96
144,4,367,194,218,183,283,368,8,48.95
145,5,277,145,218,86,136,182,99,48.91
146,70,367,567,218,141,124,128,130,48.79
147,4,76,548,128,109,80,234,461,48.78
148,11,329,95,218,115,133,101,334,48.77
149,1,61,32,172,442,237,321,291,48.75
150,6,222,268,163,127,156,101,222,48.74
151,7,320,376,218,101,111,101,540,48.72
152,12,65,158,205,117,165,146,170,48.7
153,5,291,567,108,108,82,161,471,48.64
154,71,175,567,100,243,49,115,183,48.59
155,6,148,134,193,156,104,182,98,48.57
156,7,69,490,103,142,122,146,226,48.56
157,72,188,86,218,150,171,128,263,48.56
158,8,58,249,65,153,107,146,341,48.54
159,73,265,83,218,249,244,128,124,48.52
160,5,83,363,60,167,100,136,486,48.48
161,13,62,157,218,133,141,136,265,48.41
162,9,314,136,135,147,126,101,677,48.31
163,3,173,110,69,236,214,101,148,48.28
164,74,367,492,218,187,190,125,79,48.28
165,5,367,567,218,285,355,212,24,48.24
166,75,367,567,128,184,115,125,144,48.23
167,8,367,123,218,145,180,101,778,48.23
168,5,129,79,187,202,89,88,839,48.23
169,2,281,567,218,99,105,182,351,48.17
170,1,287,128,218,139,204,128,205,48.15
171,76,200,567,218,195,91,161,128,48.11
172,3,162,441,182,118,189,212,438,48.07
173,14,142,209,196,129,137,136,179,48.07
174,3,351,510,202,220,230,161,46,48.06
175,77,367,567,218,125,112,197,180,48.05
176,10,111,219,89,179,155,212,328,48.01
177,11,43,171,176,174,146,264,299,47.98
178,10,279,277,135,148,173,287,53,47.97
179,6,196,379,52,130,99,197,415,47.97
180,3,335,143,218,81,267,212,198,47.96
181,78,367,567,218,223,170,82,100,47.95
182,7,71,567,49,191,145,264,269,47.89
183,79,367,567,80,296,76,234,143,47.85
184,80,367,42,218,310,257,511,156,47.83
185,1,338,78,200,289,233,115,153,47.73
186,6,102,423,218,235,101,115,683,47.73
187,81,286,186,109,151,178,82,339,47.71
188,8,195,567,218,110,93,234,160,47.71
189,82,367,183,218,189,258,125,117,47.67
190,83,367,418,218,233,251,197,70,47.66
191,4,367,309,218,71,290,368,106,47.66
192,6,367,168,218,286,471,368,31,47.6
193,9,223,163,218,171,194,212,496,47.6
194,84,250,88,98,222,226,161,150,47.59
195,5,367,203,218,112,252,368,123,47.56
196,85,228,91,218,212,161,161,127,47.52
197,12,367,132,201,204,138,146,421,47.52
198,86,93,188,172,181,132,234,82,47.5
199,15,176,179,207,154,172,128,377,47.49
200,7,184,526,213,163,128,93,433,47.49
201,16,321,218,143,178,153,146,193,47.46
202,87,192,56,218,301,227,264,326,47.46
203,88,367,541,218,126,196,287,129,47.39
204,13,231,554,218,176,202,146,361,47.36
205,14,113,421,174,170,192,136,192,47.34
206,9,218,451,218,119,87,182,230,47.31
207,10,367,567,218,132,121,234,151,47.31
208,4,350,348,218,136,281,212,354,47.28
209,17,147,319,218,226,175,212,255,47.25
210,15,367,567,218,188,212,146,102,47.25
211,7,367,225,218,194,317,161,69,47.19
212,18,367,222,218,192,159,234,365,47.17
213,16,356,208,131,193,280,146,103,47.15
214,89,247,567,218,209,113,161,194,47.13
215,17,193,487,198,232,183,161,310,47.11
216,7,156,306,145,146,181,368,399,47.1
217,11,203,567,218,177,142,287,455,47.06
218,90,296,259,218,168,193,197,186,47.06
219,91,212,141,159,198,191,212,356,47.05
220,2,100,479,116,162,356,212,168,47.05
221,5,315,450,163,206,278,197,613,47.04
222,10,157,93,155,261,308,212,175,47.04
223,1,191,185,101,231,154,161,671,47.03
224,12,289,462,169,165,129,146,511,47
225,8,367,567,218,185,354,234,281,47
226,2,367,52,218,164,485,812,436,46.97
227,92,319,117,218,196,187,197,449,46.96
228,2,86,68,214,215,309,368,256,46.96
229,11,292,273,218,207,270,182,140,46.95
230,18,357,238,131,197,359,182,158,46.9
231,4,367,264,97,283,325,115,236,46.89
232,93,251,228,218,157,206,182,161,46.89
233,19,367,567,194,210,185,161,523,46.88
234,94,367,567,218,314,229,197,315,46.88
235,20,106,391,168,216,179,287,369,46.85
236,13,367,567,218,158,102,321,514,46.81
237,6,257,294,116,217,197,136,871,46.79
238,2,241,112,218,288,285,128,278,46.79
239,6,367,192,218,128,269,368,452,46.73
240,19,367,567,218,258,139,197,385,46.72
241,3,367,567,218,144,220,264,277,46.72
242,20,178,567,218,354,200,161,216,46.68
243,2,252,119,75,279,366,212,327,46.67
244,7,342,362,218,134,358,234,164,46.61
245,11,367,288,218,353,335,287,60,46.59
246,21,367,567,159,300,294,264,736,46.59
247,6,327,326,94,218,275,197,564,46.58
248,2,104,126,146,319,236,234,268,46.58
249,95,367,567,155,257,162,212,337,46.56
250,2,23,339,218,949,605,812,839,46.55
251,21,185,567,218,297,209,182,454,46.54
252,96,367,334,218,200,184,136,411,46.53
253,22,151,257,57,359,250,161,553,46.49
254,97,158,567,218,333,334,161,502,46.47
255,9,307,300,218,224,224,264,146,46.46
256,98,283,152,218,201,264,234,181,46.46
257,1,337,465,152,155,296,197,495,46.43
258,99,367,233,218,362,338,287,91,46.43
259,100,367,403,150,264,253,321,206,46.43
260,101,189,239,218,263,148,161,389,46.42
261,23,132,267,116,248,199,197,460,46.42
262,12,202,567,107,230,255,212,213,46.41
263,24,258,63,218,400,347,182,666,46.4
264,102,367,47,218,615,542,511,534,46.4
265,2,367,567,218,251,228,212,366,46.39
266,1,235,419,218,253,260,234,125,46.38
267,103,332,290,218,182,216,321,447,46.37
268,7,331,459,218,175,324,234,792,46.36
269,12,367,124,218,190,333,234,626,46.34
270,1,238,560,116,228,238,182,636,46.32
271,104,211,493,148,244,203,234,257,46.32
272,105,324,144,218,365,299,264,258,46.31
273,106,367,398,218,203,298,287,237,46.3
274,107,51,342,78,549,195,428,249,46.29
275,108,316,125,218,370,312,264,86,46.29
276,10,293,512,175,214,168,234,477,46.26
277,8,367,254,218,161,393,287,221,46.25
278,22,367,471,131,290,231,321,594,46.24
279,25,78,65,91,503,739,264,871,46.22
280,5,110,567,218,294,301,161,506,46.21
281,109,318,337,135,272,304,234,120,46.21
282,110,137,142,218,402,346,182,210,46.19
283,3,367,567,218,229,201,212,871,46.18
284,13,322,155,218,254,274,264,275,46.18
285,26,360,314,199,273,207,287,422,46.17
286,14,367,137,218,280,247,264,384,46.17
287,7,367,567,218,275,198,212,871,46.14
288,23,367,498,218,287,282,321,348,46.13
289,111,31,187,218,680,422,511,358,46.12
290,13,367,567,218,304,287,428,112,46.12
291,112,367,567,218,445,376,197,254,46.1
292,24,367,567,218,322,245,287,308,46.07
293,27,210,444,116,205,239,161,234,46.05
294,4,367,470,218,208,348,264,548,46.03
295,8,273,473,218,227,360,212,528,46.03
296,25,367,235,218,236,235,368,797,46
297,113,367,567,218,337,284,321,659,45.97
298,114,367,484,218,338,405,368,105,45.97
299,14,354,567,218,291,265,234,297,45.96
300,115,367,299,185,262,367,146,649,45.95
301,1,367,200,218,245,416,428,871,45.94
302,26,326,567,208,281,266,511,364,45.94
303,116,367,567,218,316,364,287,508,45.94
304,5,367,460,218,225,256,321,443,45.92
305,9,367,104,218,313,667,511,131,45.92
306,3,367,66,218,520,503,321,219,45.92
307,8,367,412,218,355,625,321,66,45.92
308,2,94,316,90,266,380,264,405,45.91
309,28,145,506,218,308,188,321,189,45.89
310,9,367,567,218,540,538,368,54,45.88
311,1,367,57,218,584,734,511,871,45.86
312,6,367,567,218,265,307,234,372,45.84
313,10,367,80,218,331,493,645,467,45.83
314,117,165,207,218,278,262,234,456,45.8
315,11,334,135,218,282,454,321,419,45.8
316,27,82,172,218,399,369,511,376,45.79
317,9,367,557,218,267,272,287,816,45.79
318,28,367,303,218,302,241,287,522,45.79
319,3,367,359,218,256,466,368,185,45.77
320,14,95,240,116,368,271,321,301,45.74
321,7,143,567,144,317,218,234,285,45.73
322,2,125,116,218,305,330,645,295,45.72
323,118,367,567,218,427,404,197,871,45.71
324,119,198,256,218,357,288,368,397,45.7
325,29,367,567,218,270,205,161,406,45.69
326,120,367,97,218,557,363,197,386,45.65
327,10,295,380,214,330,381,264,680,45.64
328,29,367,567,218,260,263,321,457,45.64
329,11,367,567,218,478,279,321,871,45.61
330,12,367,567,218,299,402,234,537,45.61
331,12,367,77,218,348,934,428,245,45.61
332,121,270,177,218,292,215,197,458,45.61
333,30,264,481,218,293,174,428,353,45.59
334,1,282,546,218,199,219,368,486,45.58
335,8,219,445,218,234,243,287,465,45.58
336,31,206,567,179,349,211,146,500,45.58
337,15,367,106,218,382,408,264,871,45.56
338,6,367,76,218,578,722,511,645,45.56
339,122,346,567,218,378,217,161,729,45.55
340,32,367,567,218,554,476,368,648,45.55
341,1,367,59,218,635,943,812,625,45.54
342,13,367,443,218,395,286,287,616,45.54
343,33,183,387,218,306,276,264,377,45.53
344,14,367,567,116,375,332,428,642,45.53
345,30,85,271,218,360,412,368,177,45.52
346,31,304,567,217,329,249,428,271,45.51
347,3,197,397,112,430,222,287,442,45.51
348,11,367,347,186,306,549,321,279,45.51
349,5,367,567,218,277,379,428,118,45.49
350,123,367,150,218,383,240,234,474,45.49
351,124,154,61,218,983,506,812,871,45.48
352,16,367,567,218,321,328,234,853,45.48
353,125,130,229,218,373,320,212,294,45.47
354,4,367,166,218,259,764,511,329,45.47
355,8,367,237,218,323,401,368,871,45.47
356,4,367,567,218,386,327,321,320,45.46
357,2,367,377,218,312,353,287,542,45.44
358,32,367,567,218,332,357,264,309,45.43
359,126,367,318,79,531,273,234,596,45.42
360,127,367,85,218,611,459,321,809,45.42
361,128,248,204,218,467,302,264,509,45.41
362,17,367,567,218,284,303,368,381,45.4
363,7,367,489,218,385,600,287,126,45.4
364,129,367,261,202,458,293,428,286,45.39
365,130,367,81,218,668,601,321,690,45.39
366,2,367,567,218,374,388,321,861,45.37
367,1,126,500,180,276,350,321,871,45.37
368,18,367,483,218,325,277,146,445,45.36
369,15,367,567,218,416,392,287,656,45.36
370,8,367,330,218,371,576,368,85,45.36
371,15,367,567,218,443,232,264,839,45.36
372,33,367,375,218,392,434,428,367,45.33
373,5,367,567,218,252,874,511,387,45.33
374,34,66,344,218,376,457,368,330,45.32
375,9,367,567,218,397,164,428,604,45.31
376,1,343,139,218,446,310,645,396,45.31
377,16,367,567,218,352,322,511,527,45.31
378,131,367,567,218,401,311,321,333,45.3
379,2,240,72,218,703,763,812,797,45.3
380,132,367,301,131,334,234,428,298,45.29
381,133,272,553,218,326,349,511,211,45.29
382,17,367,567,218,390,305,287,468,45.28
383,3,367,531,218,320,319,812,568,45.27
384,10,367,547,218,405,589,511,109,45.27
385,16,216,213,190,311,342,321,208,45.25
386,3,367,206,218,240,651,428,871,45.24
387,18,367,555,218,424,482,321,770,45.22
388,134,180,567,165,411,374,212,531,45.22
389,13,367,154,218,271,583,812,174,45.21
390,11,367,567,218,462,509,645,107,45.2
391,14,220,338,218,239,452,645,551,45.2
392,15,367,567,218,473,352,645,272,45.2
393,19,263,567,61,548,526,321,871,45.2
394,135,367,501,218,381,386,511,159,45.18
395,4,367,567,218,469,413,812,678,45.18
396,15,57,567,218,363,492,428,755,45.17
397,20,103,181,191,358,510,428,292,45.17
398,10,367,564,218,339,516,428,104,45.17
399,136,367,567,218,463,399,368,253,45.16
400,16,367,282,218,219,626,645,242,45.16
401,12,245,495,218,380,584,645,95,45.16
402,9,361,311,218,367,426,428,871,45.16
403,137,298,361,218,498,424,287,134,45.15
404,3,367,567,218,295,575,511,197,45.14
405,34,367,368,218,388,378,287,478,45.14
406,3,47,250,218,621,574,645,816,45.14
407,4,262,520,218,238,425,428,731,45.14
408,12,367,511,218,343,511,368,288,45.14
409,138,325,140,218,511,490,368,314,45.14
410,17,367,244,218,241,847,645,375,45.14
411,21,367,567,218,508,464,212,736,45.13
412,139,239,153,218,447,648,428,303,45.13
413,18,367,437,218,213,604,511,538,45.13
414,140,367,567,98,450,371,264,526,45.13
415,19,367,258,218,274,612,645,576,45.13
416,10,146,567,218,393,268,428,871,45.12
417,19,367,99,218,545,745,645,718,45.12
418,16,367,567,218,361,343,368,267,45.11
419,17,308,353,218,495,441,428,152,45.11
420,20,153,115,218,346,480,645,373,45.1
421,4,367,224,218,336,403,645,246,45.1
422,13,367,567,218,507,774,812,83,45.09
423,21,367,567,218,324,297,368,797,45.09
424,141,367,567,218,482,418,368,481,45.09
425,2,242,173,218,418,351,645,489,45.08
426,35,367,360,218,364,398,234,673,45.08
427,5,363,350,218,377,377,321,171,45.08
428,142,312,101,218,901,522,511,760,45.08
429,143,367,567,218,501,565,812,340,45.08
430,17,144,567,188,328,520,428,345,45.06
431,11,367,567,218,303,449,321,190,45.06
432,22,367,567,218,435,474,368,709,45.04
433,14,367,426,218,646,729,645,89,45.04
434,15,367,567,218,633,673,645,93,45.04
435,12,215,212,218,470,697,645,110,45.03
436,3,367,430,218,426,431,368,195,45.03
437,144,367,366,218,522,438,511,713,45.03
438,22,367,131,218,366,783,511,444,45.02
439,23,367,266,218,347,620,511,196,45.02
440,13,367,567,218,386,505,645,155,45.02
441,145,328,178,218,441,409,428,617,45.02
442,5,367,297,218,526,439,511,679,45.02
443,24,168,488,218,369,702,645,149,45.01
444,146,367,102,218,715,543,511,871,45
445,147,348,90,218,988,818,511,675,44.99
446,23,367,482,218,420,365,287,712,44.98
447,6,275,369,218,432,344,368,521,44.96
448,3,367,332,218,315,537,511,239,44.96
449,9,367,304,218,391,292,321,530,44.96
450,35,364,567,218,443,591,511,325,44.96
451,1,367,567,218,403,465,645,355,44.94
452,16,367,401,218,398,488,428,147,44.94
453,36,367,216,218,389,467,368,305,44.94
454,148,367,364,218,542,382,264,708,44.93
455,20,336,278,218,335,442,287,427,44.92
456,24,367,356,218,438,463,368,741,44.92
457,18,367,416,218,474,419,511,350,44.92
458,1,89,567,116,559,444,287,724,44.92
459,2,367,567,218,340,683,511,756,44.92
460,149,205,174,218,590,472,812,224,44.91
461,1,367,567,218,612,295,321,839,44.91
462,2,118,562,150,409,462,428,716,44.91
463,150,138,221,218,453,494,428,392,44.91
464,36,367,567,218,480,375,511,774,44.91
465,19,367,567,218,653,498,428,853,44.9
466,151,367,230,218,534,316,321,380,44.89
467,10,367,269,218,431,433,428,493,44.88
468,20,367,285,218,527,514,511,238,44.88
469,152,367,184,218,455,618,287,809,44.87
470,1,367,120,218,550,879,511,871,44.87
471,18,367,567,135,481,210,511,589,44.87
472,37,367,236,218,497,676,511,667,44.86
473,21,301,565,218,599,588,812,113,44.86
474,22,108,414,218,484,536,321,374,44.86
475,19,367,567,218,351,341,428,344,44.86
476,153,367,567,218,580,461,511,482,44.86
477,25,367,567,218,423,828,645,184,44.86
478,4,367,148,218,562,397,368,539,44.85
479,26,367,563,218,269,478,645,597,44.85
480,154,274,114,218,784,713,511,861,44.85
481,23,367,567,218,530,530,428,191,44.84
482,1,367,567,218,669,888,428,94,44.84
483,155,367,535,218,433,497,645,510,44.83
484,14,366,408,218,342,675,428,276,44.83
485,15,367,567,218,318,387,511,266,44.83
486,24,299,214,218,614,607,645,233,44.82
487,37,367,567,218,459,528,368,284,44.82
488,156,367,435,153,448,213,368,490,44.82
489,157,367,365,218,704,606,428,871,44.81
490,38,367,567,218,475,337,368,614,44.81
491,4,333,167,218,720,786,368,824,44.8
492,39,367,485,218,434,507,368,250,44.8
493,158,367,567,218,587,391,428,423,44.8
494,11,367,567,218,408,496,812,322,44.79
495,17,367,436,218,421,599,645,370,44.79
496,27,367,100,218,965,936,812,715,44.79
497,40,358,567,210,394,345,812,706,44.79
498,2,367,138,218,572,877,428,274,44.79
499,20,367,567,218,490,435,428,731,44.79
500,25,367,567,218,600,390,511,634,44.78
501,25,367,415,218,593,460,321,574,44.78
502,21,367,567,218,454,421,321,853,44.77
503,26,367,567,218,585,614,645,816,44.77
504,1,367,567,218,341,415,321,507,44.77
505,21,266,567,218,451,259,511,513,44.75
506,38,305,253,162,602,557,511,524,44.75
507,3,359,567,218,415,423,645,459,44.75
508,159,367,567,218,824,724,368,615,44.75
509,160,367,405,218,449,484,511,360,44.74
510,161,229,248,218,516,491,511,871,44.74
511,18,367,567,218,576,792,645,139,44.74
512,26,107,567,218,643,453,645,247,44.73
513,27,367,231,218,685,370,645,359,44.73
514,28,367,567,218,350,689,645,624,44.72
515,3,367,567,218,491,518,511,871,44.72
516,162,367,567,155,756,446,511,660,44.72
517,41,367,567,218,485,313,511,584,44.72
518,28,88,217,135,909,865,645,440,44.72
519,163,367,432,218,711,585,321,871,44.71
520,42,367,567,218,457,331,321,603,44.71
521,6,280,392,218,404,410,645,338,44.71
522,164,367,567,218,508,851,428,611,44.7
523,12,367,567,218,429,261,645,727,44.7
524,29,367,567,218,613,291,645,871,44.7
525,39,217,295,218,419,553,428,300,44.7
526,4,367,425,218,417,521,428,207,44.7
527,4,367,567,218,493,407,287,824,44.7
528,27,367,567,218,452,545,812,559,44.7
529,30,367,517,218,594,602,368,244,44.7
530,29,367,121,218,542,937,511,408,44.7
531,28,213,567,218,438,693,428,853,44.69
532,2,367,567,218,476,372,368,861,44.69
533,3,190,195,218,569,437,428,871,44.68
534,5,367,147,218,523,943,812,317,44.68
535,43,367,567,218,466,289,321,515,44.68
536,44,367,567,218,486,629,511,388,44.68
537,1,365,567,218,586,318,368,426,44.68
538,22,367,133,218,764,912,812,658,44.68
539,22,367,567,218,483,420,511,579,44.67
540,40,367,567,218,564,306,428,556,44.67
541,13,367,567,218,505,248,428,665,44.67
542,5,367,567,218,345,517,511,824,44.65
543,165,367,400,218,656,653,645,166,44.65
544,6,367,211,218,412,682,511,871,44.65
545,41,367,122,218,785,861,812,601,44.64
546,166,367,567,218,752,622,812,719,44.64
547,31,367,567,218,773,329,645,270,44.63
548,23,367,111,218,995,827,812,839,44.63
549,167,367,232,218,472,569,368,425,44.63
550,168,204,345,218,517,571,645,409,44.62
551,1,367,567,218,553,541,428,650,44.62
552,45,367,567,218,649,394,812,629,44.62
553,30,367,291,218,464,906,645,816,44.62
554,169,311,480,218,634,447,645,687,44.61
555,32,367,567,218,787,594,511,362,44.61
556,170,367,477,218,575,323,287,744,44.61
557,4,367,567,218,413,680,511,212,44.61
558,4,367,567,218,588,546,645,293,44.61
559,16,367,539,218,440,445,428,579,44.61
560,19,367,305,218,927,917,812,108,44.61
561,29,367,567,218,488,556,368,861,44.61
562,24,367,567,218,414,400,368,546,44.6
563,7,367,567,218,344,598,812,824,44.6
564,8,225,567,218,384,468,511,839,44.6
565,5,367,439,218,596,660,287,401,44.59
566,171,166,352,218,564,414,368,371,44.59
567,172,367,293,218,682,681,321,630,44.59
568,42,260,370,218,622,568,511,342,44.59
569,1,367,182,218,560,539,645,232,44.59
570,30,367,567,218,518,567,511,623,44.59
571,173,367,567,218,610,436,511,498,44.58
572,31,367,567,218,631,855,511,778,44.58
573,8,232,252,218,734,428,428,787,44.58
574,6,367,567,218,573,628,812,576,44.58
575,31,367,567,218,556,641,645,824,44.57
576,32,367,567,218,623,406,812,768,44.57
577,7,367,156,218,816,646,645,746,44.56
578,20,367,381,218,568,780,511,273,44.56
579,14,367,424,218,502,647,321,636,44.56
580,25,367,242,218,486,672,812,413,44.56
581,21,367,567,218,806,798,812,115,44.56
582,4,367,567,218,597,836,645,871,44.55
583,5,367,567,218,410,578,428,787,44.55
584,7,349,453,204,571,547,812,600,44.54
585,174,353,567,218,713,315,428,702,44.54
586,32,367,272,218,436,645,812,576,44.54
587,43,367,544,218,532,429,511,651,44.54
588,4,317,223,218,606,469,645,809,44.54
589,6,367,567,218,504,638,368,839,44.53
590,175,208,533,218,591,512,812,588,44.53
591,176,367,420,218,642,373,511,792,44.53
592,177,367,567,218,618,555,812,220,44.53
593,23,367,538,218,479,739,264,871,44.53
594,44,367,176,218,763,762,812,549,44.52
595,15,367,559,218,425,384,511,518,44.52
596,6,367,507,218,521,815,645,176,44.52
597,45,367,567,218,768,719,234,765,44.52
598,33,367,411,218,688,671,812,187,44.52
599,34,367,333,218,785,525,368,400,44.52
600,178,367,567,218,823,544,645,661,44.52
601,7,367,567,218,468,450,368,792,44.51
602,22,367,388,218,533,748,812,204,44.51
603,17,367,567,218,514,336,645,661,44.51
604,46,367,567,218,792,396,511,839,44.51
605,179,367,567,218,496,508,428,585,44.5
606,180,367,265,218,664,385,511,472,44.5
607,181,155,220,218,605,608,645,566,44.5
608,35,367,567,218,627,531,511,252,44.5
609,182,367,567,218,944,840,428,871,44.5
610,3,367,567,218,860,900,812,114,44.49
611,24,367,567,218,552,577,645,653,44.49
612,5,367,567,218,506,477,645,590,44.49
613,16,367,567,218,436,500,368,556,44.49
614,8,367,242,218,500,974,812,644,44.49
615,33,367,567,218,396,773,812,871,44.49
616,183,367,567,218,672,440,645,336,44.49
617,2,367,567,218,650,481,511,670,44.48
618,26,367,567,218,821,631,645,630,44.48
619,36,367,281,218,733,706,511,251,44.48
620,17,122,567,218,518,581,812,686,44.48
621,18,367,567,218,477,750,511,492,44.48
622,37,367,567,218,721,644,645,448,44.48
623,2,253,386,218,684,560,645,871,44.48
624,38,367,567,218,641,756,511,264,44.47
625,184,367,197,218,969,871,428,792,44.47
626,185,367,567,218,492,532,511,462,44.47
627,34,367,534,218,407,362,645,572,44.47
628,23,367,567,218,470,563,645,290,44.47
629,6,367,567,218,588,652,287,363,44.46
630,33,367,567,218,693,623,645,739,44.46
631,47,367,567,218,616,340,645,809,44.46
632,48,119,358,218,694,695,511,871,44.45
633,27,367,406,218,732,611,812,824,44.45
634,3,367,567,218,658,630,428,871,44.45
635,186,367,567,218,774,632,428,598,44.45
636,46,226,567,218,551,383,645,343,44.44
637,18,367,491,218,544,483,511,736,44.44
638,9,367,395,218,839,931,428,871,44.44
639,11,367,529,218,816,747,428,871,44.44
640,35,367,567,218,678,765,645,871,44.44
641,5,367,567,218,510,704,511,731,44.44
642,36,367,536,218,558,984,812,214,44.44
643,187,367,284,218,669,661,321,621,44.44
644,19,367,567,218,555,573,428,485,44.44
645,19,367,457,218,536,455,812,803,44.44
646,3,344,545,218,696,757,287,824,44.43
647,188,367,263,218,710,593,812,853,44.43
648,39,367,476,218,834,708,645,163,44.43
649,6,367,516,218,592,937,511,691,44.43
650,189,171,567,218,893,771,645,720,44.43
651,40,367,514,218,619,582,511,418,44.43
652,1,367,189,218,898,561,428,749,44.43
653,34,367,567,218,465,798,645,283,44.43
654,28,224,567,218,513,527,812,774,44.42
655,190,367,567,218,664,417,511,469,44.42
656,191,367,567,218,719,590,511,379,44.42
657,41,367,567,218,753,787,645,202,44.42
658,5,367,496,218,570,554,812,723,44.42
659,37,367,567,218,805,962,234,726,44.41
660,20,367,567,218,629,558,428,503,44.41
661,192,367,245,218,800,548,812,484,44.41
662,35,367,567,218,688,649,812,748,44.41
663,25,367,422,218,537,534,428,871,44.41
664,7,367,567,218,356,613,511,627,44.41
665,193,367,567,218,848,755,645,555,44.41
666,42,367,307,218,685,760,645,871,44.41
667,3,367,567,218,687,621,428,499,44.4
668,194,345,567,218,788,427,368,346,44.4
669,8,367,567,218,677,715,368,404,44.4
670,43,367,567,218,701,658,645,403,44.4
671,8,367,525,218,456,443,812,805,44.4
672,29,367,567,218,669,744,645,700,44.4
673,21,367,567,218,662,843,645,756,44.4
674,49,367,567,218,659,533,321,853,44.4
675,30,255,567,148,636,470,645,754,44.39
676,36,367,567,218,705,564,645,871,44.39
677,38,367,499,218,738,931,428,763,44.39
678,5,367,262,218,620,513,511,604,44.39
679,10,243,260,218,754,904,511,871,44.39
680,37,367,567,218,655,678,645,871,44.38
681,22,367,567,218,666,779,812,262,44.38
682,1,114,247,218,915,892,812,871,44.38
683,50,367,567,218,747,808,321,240,44.38
684,39,367,567,218,494,929,812,782,44.38
685,1,367,567,218,707,624,645,871,44.38
686,23,367,567,218,577,822,428,621,44.38
687,195,367,448,218,640,473,812,861,44.38
688,20,367,567,218,654,456,511,772,44.38
689,13,367,289,218,566,878,428,871,44.37
690,38,367,567,218,608,803,812,871,44.37
691,47,367,522,218,679,523,812,668,44.37
692,51,367,433,218,625,458,511,861,44.37
693,24,367,567,218,660,830,645,203,44.37
694,52,367,567,218,512,806,511,480,44.37
695,6,187,567,218,514,950,511,871,44.37
696,53,367,567,218,723,395,511,871,44.37
697,1,116,567,218,563,950,511,871,44.37
698,54,300,567,218,724,339,428,871,44.37
699,31,201,567,218,667,499,812,703,44.37
700,7,367,372,218,535,479,812,503,44.36
701,39,367,567,218,639,637,511,756,44.36
702,2,367,567,218,645,519,645,705,44.36
703,40,367,567,218,537,835,511,525,44.36
704,2,367,567,126,691,529,812,182,44.36
705,40,367,383,218,460,865,645,307,44.35
706,41,367,399,218,727,984,428,463,44.35
707,55,367,335,218,601,597,812,439,44.35
708,9,367,567,218,428,686,812,871,44.35
709,25,367,523,218,603,587,428,571,44.35
710,196,367,431,218,905,643,287,587,44.35
711,5,367,567,218,888,714,368,446,44.35
712,197,271,567,218,864,572,511,871,44.35
713,44,367,567,218,975,837,645,441,44.35
714,11,174,503,218,561,848,645,450,44.34
715,9,367,378,218,742,659,645,560,44.34
716,3,347,567,218,673,816,428,582,44.34
717,198,367,201,218,912,785,812,682,44.34
718,199,367,246,218,718,923,645,592,44.34
719,200,294,567,218,934,665,511,296,44.33
720,56,367,355,218,827,895,645,306,44.33
721,32,121,323,218,895,776,428,871,44.33
722,45,367,567,218,930,633,511,641,44.33
723,201,367,567,218,832,515,645,871,44.33
724,4,367,567,218,739,562,511,475,44.33
725,4,367,341,218,743,728,511,871,44.33
726,1,276,567,218,422,694,511,824,44.33
727,46,367,567,159,836,824,812,787,44.33
728,47,367,567,218,852,752,645,871,44.33
729,57,367,428,218,523,566,645,595,44.32
730,8,164,464,218,881,700,645,716,44.32
731,4,367,567,205,657,720,812,532,44.32
732,48,367,567,218,725,595,812,871,44.32
733,9,367,340,218,829,904,645,761,44.32
734,26,367,567,218,632,725,812,633,44.32
735,9,367,567,218,765,679,645,731,44.32
736,49,367,343,218,908,721,511,390,44.32
737,50,367,567,218,680,712,428,437,44.32
738,27,367,567,218,627,751,812,519,44.31
739,48,367,567,218,816,684,812,792,44.31
740,33,367,567,218,837,502,287,871,44.31
741,10,367,567,218,812,793,645,517,44.31
742,5,367,440,218,646,875,368,839,44.31
743,10,367,567,218,778,627,511,611,44.31
744,2,367,513,218,546,559,511,871,44.31
745,41,367,567,218,583,890,428,700,44.31
746,202,367,382,218,782,640,511,394,44.3
747,42,367,567,218,750,615,812,871,44.3
748,203,367,371,218,897,524,428,634,44.3
749,42,367,567,218,528,969,511,569,44.3
750,34,367,567,218,996,368,645,871,44.3
751,21,367,324,218,604,746,812,431,44.3
752,204,367,567,218,921,432,645,805,44.3
753,11,367,270,218,933,738,812,871,44.3
754,205,367,567,218,775,504,511,871,44.29
755,4,306,567,218,957,699,428,871,44.29
756,24,367,461,218,637,781,511,218,44.29
757,10,367,567,218,539,854,812,661,44.29
758,9,352,567,218,863,635,812,640,44.29
759,51,367,567,218,869,862,645,382,44.29
760,52,367,567,218,775,736,812,535,44.29
761,206,259,472,218,791,670,812,391,44.28
762,207,367,394,218,699,685,812,639,44.28
763,53,367,567,218,813,475,511,787,44.28
764,35,367,567,218,826,782,428,543,44.28
765,43,367,567,218,661,743,511,654,44.28
766,208,367,537,218,939,489,645,609,44.28
767,28,367,567,218,757,617,812,497,44.28
768,2,181,567,218,489,984,812,871,44.28
769,36,367,567,192,735,701,645,619,44.28
770,25,367,417,218,761,974,812,231,44.27
771,54,367,567,218,986,770,812,473,44.27
772,37,367,567,218,547,674,645,558,44.27
773,55,367,567,218,808,791,812,435,44.27
774,43,367,283,218,630,892,645,809,44.27
775,56,367,567,218,959,711,645,797,44.27
776,44,367,567,218,579,664,645,395,44.27
777,12,367,567,218,868,650,645,453,44.27
778,209,367,567,218,675,636,645,554,44.27
779,6,367,567,218,761,839,511,871,44.27
780,57,367,567,218,835,860,645,368,44.27
781,26,367,507,218,716,921,511,412,44.27
782,4,267,279,218,708,891,511,398,44.26
783,45,367,308,218,529,912,812,552,44.26
784,58,367,357,218,772,707,812,871,44.26
785,49,367,567,211,714,487,812,476,44.26
786,2,330,567,218,573,579,428,620,44.26
787,50,367,567,218,894,666,511,533,44.26
788,46,367,567,218,525,754,511,871,44.26
789,5,367,567,218,769,570,511,782,44.26
790,210,341,467,218,794,769,428,581,44.25
791,1,340,567,218,799,642,645,684,44.25
792,211,172,567,218,702,790,812,871,44.25
793,51,367,567,218,767,691,645,782,44.25
794,212,367,310,218,741,662,511,593,44.25
795,47,367,427,218,663,806,812,749,44.25
796,1,285,469,180,697,730,511,871,44.25
797,38,207,567,218,637,768,812,787,44.25
798,58,367,567,218,993,586,645,488,44.25
799,29,367,567,218,541,703,428,479,44.24
800,59,367,567,218,985,759,645,727,44.24
801,52,367,567,218,729,619,645,816,44.24
802,44,367,567,218,948,813,812,766,44.24
803,11,367,567,218,461,950,511,871,44.24
804,48,367,331,218,796,943,368,694,44.24
805,3,367,567,218,712,451,812,505,44.23
806,26,367,567,218,745,859,812,319,44.23
807,12,367,567,218,499,883,645,661,44.23
808,30,367,567,218,794,958,645,643,44.23
809,213,367,373,218,910,705,645,824,44.23
810,49,367,567,218,748,984,812,217,44.22
811,22,367,251,218,938,634,511,797,44.22
812,27,367,567,218,706,819,645,428,44.22
813,28,367,567,218,838,928,812,331,44.22
814,59,367,567,218,842,552,511,607,44.22
815,23,367,543,218,580,668,511,520,44.22
816,39,302,567,218,743,814,511,583,44.22
817,45,367,567,218,758,592,812,805,44.21
818,3,367,550,218,847,753,511,871,44.21
819,5,256,567,218,740,761,645,529,44.21
820,2,367,567,218,853,820,511,752,44.21
821,60,367,287,218,859,772,812,567,44.21
822,40,160,567,218,974,580,428,871,44.21
823,214,367,567,218,973,793,368,871,44.21
824,61,367,567,218,854,829,812,766,44.21
825,215,367,429,218,846,698,428,824,44.21
826,8,367,567,218,760,910,511,739,44.21
827,60,367,504,218,825,958,645,229,44.2
828,50,367,567,218,783,912,812,628,44.2
829,24,367,527,218,827,501,645,770,44.2
830,62,367,567,218,1000,927,645,871,44.2
831,41,362,567,218,700,722,812,414,44.2
832,216,367,407,218,947,596,511,674,44.2
833,217,367,567,218,810,805,812,824,44.2
834,29,367,567,218,888,948,645,241,44.2
835,218,367,390,218,981,974,812,685,44.19
836,27,367,567,218,851,737,645,573,44.19
837,7,367,519,218,843,766,511,824,44.19
838,61,367,567,218,942,788,812,536,44.19
839,62,290,567,218,952,692,645,393,44.19
840,63,161,567,218,857,833,645,332,44.19
841,31,367,454,218,691,888,812,407,44.19
842,8,367,475,218,781,789,812,871,44.19
843,6,367,567,218,803,933,511,347,44.19
844,219,367,567,218,979,784,812,464,44.19
845,1,254,567,218,814,881,645,871,44.19
846,51,367,567,218,648,735,812,541,44.19
847,3,367,234,218,934,950,812,871,44.19
848,12,367,567,184,872,687,511,654,44.19
849,32,367,567,218,746,657,812,608,44.18
850,220,261,438,218,822,610,812,805,44.18
851,13,367,567,218,887,886,645,839,44.18
852,9,367,468,218,750,942,645,871,44.18
853,7,244,567,218,992,710,812,561,44.18
854,3,367,567,218,771,899,812,871,44.18
855,64,367,567,218,922,663,645,618,44.18
856,221,367,567,218,855,741,812,714,44.17
857,53,367,532,218,870,732,428,769,44.17
858,52,367,567,218,651,535,645,494,44.17
859,42,367,567,218,840,801,812,550,44.17
860,30,367,567,218,989,907,645,259,44.17
861,28,367,567,218,877,727,511,638,44.17
862,65,367,567,218,971,876,812,416,44.17
863,66,367,567,218,990,917,645,470,44.17
864,53,367,456,218,729,709,428,742,44.17
865,13,367,567,218,796,991,645,871,44.17
866,54,367,567,218,617,726,812,601,44.16
867,66,367,567,218,814,669,812,871,44.16
868,31,367,567,218,788,845,812,466,44.16
869,1,367,567,218,882,656,645,871,44.16
870,29,367,354,218,777,802,812,591,44.16
871,55,367,315,218,759,974,812,698,44.16
872,33,367,567,218,766,958,812,630,44.16
873,25,367,561,218,690,929,812,585,44.16
874,63,246,567,218,896,550,511,746,44.16
875,14,249,320,218,779,962,812,871,44.16
876,54,367,567,218,844,654,511,871,44.15
877,56,367,567,218,904,848,368,871,44.15
878,32,367,567,218,942,984,812,209,44.15
879,43,367,524,218,754,495,645,839,44.15
880,44,367,567,218,626,486,812,710,44.15
881,45,367,255,218,856,841,812,570,44.15
882,26,367,567,218,651,551,645,647,44.15
883,57,367,302,218,914,974,812,871,44.15
884,222,367,528,218,936,943,321,304,44.15
885,64,367,458,218,941,677,812,721,44.14
886,58,367,567,218,582,696,812,761,44.14
887,67,367,567,218,982,868,812,287,44.14
888,59,367,463,218,919,950,812,871,44.14
889,60,268,567,218,695,897,645,669,44.14
890,5,150,567,218,675,775,812,657,44.14
891,14,140,346,209,964,900,645,424,44.14
892,6,367,567,218,962,812,812,501,44.14
893,223,323,374,218,977,690,812,729,44.14
894,34,367,567,218,883,850,812,809,44.14
895,61,367,486,218,709,974,812,853,44.14
896,46,367,567,218,840,616,812,599,44.13
897,224,367,567,218,899,825,645,575,44.13
898,33,367,567,218,906,962,812,356,44.13
899,62,367,567,218,609,716,645,692,44.13
900,68,367,567,218,950,797,812,610,44.13
901,225,367,567,218,913,853,812,676,44.13
902,55,367,518,218,916,903,428,871,44.13
903,69,367,567,218,956,717,645,695,44.13
904,63,367,558,218,928,639,428,752,44.13
905,7,367,567,218,875,984,812,871,44.13
906,226,367,567,218,888,810,812,871,44.13
907,30,367,298,218,952,921,812,871,44.13
908,70,367,567,218,966,767,812,803,44.12
909,71,367,349,218,959,609,511,545,44.12
910,31,367,509,218,923,777,511,782,44.12
911,6,367,567,218,873,821,511,698,44.12
912,4,367,567,218,769,991,812,871,44.12
913,227,367,567,218,917,731,812,606,44.12
914,5,367,567,218,682,923,645,871,44.12
915,9,367,313,218,802,892,645,871,44.12
916,15,367,567,218,598,991,812,823,44.12
917,32,367,567,218,957,718,511,853,44.12
918,10,367,567,218,606,941,812,763,44.12
919,46,367,567,218,903,826,812,724,44.12
920,11,367,367,218,807,688,812,871,44.12
921,7,355,567,218,736,842,645,871,44.12
922,47,367,567,218,940,900,645,871,44.12
923,15,367,515,218,849,991,428,735,44.11
924,64,367,452,218,674,912,645,744,44.11
925,16,367,567,218,879,910,812,871,44.11
926,72,367,325,218,906,882,511,430,44.1
927,35,367,567,218,643,958,812,383,44.1
928,1,367,567,218,820,896,645,816,44.1
929,228,367,442,218,910,838,812,706,44.1
930,36,367,567,218,850,816,812,311,44.1
931,6,367,567,218,833,920,812,871,44.1
932,16,367,478,218,731,939,645,871,44.1
933,3,367,567,218,717,796,645,871,44.1
934,12,367,497,218,697,800,812,772,44.1
935,37,367,567,218,920,871,645,563,44.09
936,229,367,567,218,899,540,812,491,44.09
937,6,367,474,218,945,870,511,703,44.09
938,65,367,494,218,946,603,511,749,44.09
939,13,367,552,218,749,884,812,417,44.09
940,38,367,567,218,967,974,812,681,44.09
941,14,367,567,218,722,948,812,774,44.09
942,27,367,567,218,931,742,645,871,44.09
943,65,367,567,218,891,873,812,871,44.09
944,8,367,409,218,798,947,645,861,44.09
945,73,367,505,218,951,844,511,693,44.08
946,17,367,413,218,790,940,812,871,44.08
947,66,367,556,218,808,969,812,323,44.08
948,67,367,351,218,566,962,812,871,44.08
949,68,367,384,218,862,935,812,778,44.08
950,1,367,521,218,994,851,812,689,44.08
951,34,367,567,218,918,880,812,451,44.08
952,35,367,567,218,884,908,812,565,44.08
953,69,367,567,218,970,991,645,839,44.07
954,10,367,567,218,931,957,812,871,44.07
955,70,367,336,218,793,897,812,688,44.07
956,7,367,567,218,865,962,645,871,44.07
957,71,367,567,218,737,809,645,721,44.07
958,8,367,567,218,725,962,645,871,44.07
959,39,367,567,218,972,831,812,697,44.07
960,4,367,567,218,955,923,368,645,44.07
961,15,367,567,218,929,923,645,871,44.07
962,1,367,567,218,998,793,645,871,44.06
963,72,367,567,218,801,758,812,782,44.06
964,9,367,567,218,867,864,511,871,44.06
965,2,367,567,218,875,832,511,871,44.06
966,47,367,567,218,866,950,645,871,44.06
967,18,367,567,218,727,973,645,871,44.06
968,2,367,312,218,871,732,812,861,44.06
969,73,367,567,218,877,811,812,871,44.06
970,74,367,567,218,999,448,645,562,44.06
971,19,367,446,218,984,887,812,824,44.06
972,74,367,567,218,923,917,812,871,44.06
973,36,367,567,218,880,912,645,349,44.06
974,16,367,396,218,954,974,812,871,44.05
975,75,367,410,218,976,778,645,318,44.05
976,76,367,567,218,885,857,812,839,44.05
977,77,367,567,218,780,950,812,512,44.05
978,48,367,567,218,967,884,645,544,44.05
979,20,367,567,218,923,984,812,871,44.05
980,5,367,567,218,991,868,812,778,44.05
981,8,367,529,218,892,863,812,516,44.05
982,78,367,567,218,804,749,645,871,44.04
983,21,367,434,218,902,991,812,871,44.04
984,79,367,567,218,858,991,812,672,44.04
985,5,167,567,218,819,858,645,871,44.04
986,1,237,567,218,845,804,645,871,44.04
987,2,367,567,218,874,855,812,871,44.04
988,3,367,567,218,987,969,645,871,44.04
989,49,367,567,218,980,991,812,809,44.04
990,80,367,567,218,959,991,812,871,44.04
991,81,367,542,218,830,974,812,434,44.03
992,17,367,540,218,962,865,645,774,44.03
993,82,367,327,218,937,962,812,861,44.03
994,33,367,567,218,811,969,511,756,44.03
995,4,367,449,218,595,430,645,839,44.03
996,7,367,567,218,926,845,812,816,44.03
997,4,236,566,218,997,908,645,871,44.03
998,18,367,549,218,830,823,812,824,44.03
999,40,367,567,218,886,974,812,651,44.02
1000,83,367,567,218,861,991,812,547,44.02